#neuron,#try,loss,val_loss,mae,val_mae,train_time
5,0,"[0.07084408402442932, 0.038704995065927505, 0.029314126819372177, 0.026016930118203163, 0.024325789883732796, 0.01805569976568222, 0.021069234237074852, 0.017763514071702957, 0.017857950180768967, 0.01732054352760315]","[0.04807831346988678, 0.01973430998623371, 0.006141506601125002, 0.014328927733004093, 0.018597198650240898, 0.018201332539319992, 0.010447673499584198, 0.012056082487106323, 0.009969521313905716, 0.008030946366488934]","[0.21587058901786804, 0.16141700744628906, 0.13781283795833588, 0.13084034621715546, 0.1269110143184662, 0.10724332928657532, 0.11351680755615234, 0.10877334326505661, 0.11054973304271698, 0.10654900223016739]","[0.21300551295280457, 0.13088150322437286, 0.06304644048213959, 0.10827904939651489, 0.1264859437942505, 0.12457769364118576, 0.08831707388162613, 0.09612178057432175, 0.08521461486816406, 0.07500558346509933]",57.31463694572449
10,0,"[0.07327588647603989, 0.02707807719707489, 0.020218444988131523, 0.017527256160974503, 0.02192261815071106, 0.017507825046777725, 0.017373453825712204, 0.01478160172700882, 0.014459889382123947, 0.013411715626716614]","[0.019892962649464607, 0.013961385004222393, 0.017761018127202988, 0.014998409897089005, 0.017446916550397873, 0.01159218791872263, 0.0071982392109930515, 0.00432161008939147, 0.018134498968720436, 0.0034288184251636267]","[0.199452742934227, 0.1296122521162033, 0.11625875532627106, 0.1051812469959259, 0.1206301748752594, 0.10781613737344742, 0.11170440167188644, 0.09794890880584717, 0.09647560119628906, 0.09201359748840332]","[0.13118019700050354, 0.10623590648174286, 0.12236231565475464, 0.11012167483568192, 0.12043797224760056, 0.09339378029108047, 0.07118633389472961, 0.05393858253955841, 0.12271562963724136, 0.04491895064711571]",47.87326765060425
20,0,"[0.039199408143758774, 0.02175072208046913, 0.018758857622742653, 0.014803716912865639, 0.016684256494045258, 0.014211481437087059, 0.013331914320588112, 0.009102858603000641, 0.012115826830267906, 0.012720688246190548]","[0.020049873739480972, 0.005737761966884136, 0.01220967248082161, 0.010023741982877254, 0.010529455728828907, 0.0066711087711155415, 0.008399156853556633, 0.0031183178070932627, 0.010482674464583397, 0.0033374850172549486]","[0.14981751143932343, 0.12105654925107956, 0.10883978754281998, 0.10032910853624344, 0.10527104884386063, 0.09682291001081467, 0.09648191183805466, 0.08014746755361557, 0.09141593426465988, 0.08756428956985474]","[0.1310543715953827, 0.06084854155778885, 0.09681103378534317, 0.08590232580900192, 0.08807698637247086, 0.06722515821456909, 0.07712218910455704, 0.045186758041381836, 0.0872945711016655, 0.046888239681720734]",51.3621289730072
30,0,"[0.029870977625250816, 0.02041962556540966, 0.01789657212793827, 0.01438024640083313, 0.012988248839974403, 0.011635669507086277, 0.012400340288877487, 0.012238389812409878, 0.010612684302031994, 0.009268322959542274]","[0.003096636850386858, 0.04080333560705185, 0.0045728604309260845, 0.005943015683442354, 0.005736093968153, 0.004893737845122814, 0.007387907709926367, 0.006948108784854412, 0.003839236916974187, 0.006306565832346678]","[0.1388477236032486, 0.11583201587200165, 0.11311278492212296, 0.095791757106781, 0.09153594821691513, 0.08698134124279022, 0.09189146757125854, 0.09055545181035995, 0.0817781537771225, 0.07866039127111435]","[0.040228571742773056, 0.1937122344970703, 0.055194057524204254, 0.06313533335924149, 0.0644339844584465, 0.05785650387406349, 0.07058912515640259, 0.06913256645202637, 0.04950009286403656, 0.06499896943569183]",66.6122989654541
40,0,"[0.02731127105653286, 0.017255820333957672, 0.014640698209404945, 0.014496617019176483, 0.0110500892624259, 0.01071962434798479, 0.011688005179166794, 0.012176251038908958, 0.009272591210901737, 0.010412400588393211]","[0.025852924212813377, 0.0033800231758505106, 0.005732778925448656, 0.009151055477559566, 0.007168883923441172, 0.0035383126232773066, 0.005680816248059273, 0.014519931748509407, 0.007653478533029556, 0.005099029745906591]","[0.1341031789779663, 0.10765958577394485, 0.09938475489616394, 0.09722018986940384, 0.08438624441623688, 0.08090690523386002, 0.08476486057043076, 0.08895505219697952, 0.07849961519241333, 0.0831989049911499]","[0.14864623546600342, 0.04731165990233421, 0.06345875561237335, 0.07922936230897903, 0.06895024329423904, 0.046967554837465286, 0.06252727657556534, 0.10203250497579575, 0.06985006481409073, 0.05461229011416435]",197.02294325828552
50,0,"[0.08264919370412827, 0.018806546926498413, 0.013425047509372234, 0.016973324120044708, 0.012831541709601879, 0.009617066942155361, 0.008503825403749943, 0.009066254831850529, 0.008760355412960052, 0.0097515769302845]","[0.029275668784976006, 0.003693211590871215, 0.005789513699710369, 0.008670669980347157, 0.006394365336745977, 0.011390440165996552, 0.004345716442912817, 0.004883174784481525, 0.005123018752783537, 0.008659512735903263]","[0.15561312437057495, 0.1128334179520607, 0.09438589215278625, 0.10532703995704651, 0.0928848460316658, 0.0801241546869278, 0.0766633152961731, 0.07637426257133484, 0.07446581870317459, 0.07937934994697571]","[0.1614573746919632, 0.04960760846734047, 0.06370647251605988, 0.07761933654546738, 0.06568698585033417, 0.09030045568943024, 0.05236057564616203, 0.05424530804157257, 0.05639524757862091, 0.07553083449602127]",695.4063460826874
5,0,"[0.052607662975788116, 0.029456891119480133, 0.023719409480690956, 0.023134734481573105, 0.01874680630862713, 0.020534195005893707, 0.016964271664619446, 0.01354796253144741, 0.014703342691063881, 0.015376022085547447]","[0.019624317064881325, 0.012450271286070347, 0.020649129524827003, 0.014553183689713478, 0.008709399029612541, 0.004887757822871208, 0.008726473897695541, 0.005295619834214449, 0.01170648355036974, 0.009985247626900673]","[0.18116986751556396, 0.13795167207717896, 0.12577272951602936, 0.12472087889909744, 0.11113942414522171, 0.11348152160644531, 0.10396016389131546, 0.09640178084373474, 0.10043061524629593, 0.09900978207588196]","[0.13104917109012604, 0.09966820478439331, 0.13406342267990112, 0.10892751812934875, 0.07859663665294647, 0.054908305406570435, 0.07847107946872711, 0.05811743438243866, 0.09409750998020172, 0.08539193123579025]",51.334659576416016
10,0,"[0.049292974174022675, 0.02637954242527485, 0.016432516276836395, 0.019572176039218903, 0.015298453159630299, 0.012649632059037685, 0.015887349843978882, 0.014744359068572521, 0.013448311015963554, 0.013462967239320278]","[0.005264649633318186, 0.006147445645183325, 0.005742417648434639, 0.018930036574602127, 0.007919613271951675, 0.012180548161268234, 0.008230356499552727, 0.011040127836167812, 0.004925365559756756, 0.0043349917978048325]","[0.17291980981826782, 0.12319111824035645, 0.10676765441894531, 0.11614350229501724, 0.10337916016578674, 0.0895860567688942, 0.10196007043123245, 0.09893514961004257, 0.09422363340854645, 0.0991177186369896]","[0.05771496891975403, 0.06369733065366745, 0.061556264758110046, 0.12663371860980988, 0.07449819892644882, 0.09539810568094254, 0.0760279968380928, 0.08981641381978989, 0.0582568496465683, 0.05552864074707031]",48.930789947509766
20,0,"[0.042826563119888306, 0.01748606376349926, 0.01777075044810772, 0.015976648777723312, 0.013803108595311642, 0.01018835511058569, 0.013789916411042213, 0.011267454363405704, 0.011195198632776737, 0.012159695848822594]","[0.02119513787329197, 0.013601250015199184, 0.006843314506113529, 0.02305327169597149, 0.00975752156227827, 0.0073005445301532745, 0.011918347328901291, 0.009962688200175762, 0.007173863239586353, 0.0186713058501482]","[0.15688475966453552, 0.10858803987503052, 0.10703572630882263, 0.10196338593959808, 0.09260934591293335, 0.08100486546754837, 0.09398721903562546, 0.0864252969622612, 0.08199411630630493, 0.08783599734306335]","[0.13536465167999268, 0.10336507111787796, 0.06758901476860046, 0.14035014808177948, 0.08347287774085999, 0.07018404453992844, 0.0932132676243782, 0.08394418656826019, 0.06956744194030762, 0.12357456237077713]",54.15016174316406
30,0,"[0.06012095510959625, 0.040493547916412354, 0.0268508642911911, 0.02792389504611492, 0.022177092730998993, 0.021756766363978386, 0.022136835381388664, 0.0224800705909729, 0.021878080442547798, 0.01708545908331871]","[0.02523103728890419, 0.022596098482608795, 0.006113299168646336, 0.02078084833920002, 0.008377764374017715, 0.006481787655502558, 0.010827560909092426, 0.007315207738429308, 0.008283133618533611, 0.006890374701470137]","[0.19288142025470734, 0.15635110437870026, 0.1329481452703476, 0.13678546249866486, 0.12244687229394913, 0.11950372904539108, 0.11782605946063995, 0.1191684901714325, 0.11916609853506088, 0.10597860813140869]","[0.15013673901557922, 0.1404748260974884, 0.06203225255012512, 0.1323523372411728, 0.07542034983634949, 0.06444443017244339, 0.08774187415838242, 0.06972675025463104, 0.0754041001200676, 0.06759931892156601]",53.26123070716858
5,0,"[0.07127665728330612, 0.030741311609745026, 0.02525698021054268, 0.02296532317996025, 0.019892267882823944, 0.019142214208841324, 0.018599504604935646, 0.018672630190849304, 0.015992116183042526, 0.01780856028199196]","[0.06801778078079224, 0.0243734959512949, 0.01891258917748928, 0.004352562595158815, 0.007578511256724596, 0.018220793455839157, 0.019343923777341843, 0.00930015929043293, 0.0037957585882395506, 0.006670182105153799]","[0.2086450755596161, 0.14165754616260529, 0.1294955015182495, 0.1208571121096611, 0.11590345948934555, 0.10664146393537521, 0.10594191402196884, 0.10865746438503265, 0.10105443745851517, 0.10685314983129501]","[0.25538933277130127, 0.1473836451768875, 0.12725326418876648, 0.05108242481946945, 0.07176915556192398, 0.12413686513900757, 0.12845458090305328, 0.0815291628241539, 0.046900853514671326, 0.06653306633234024]",52.197898387908936
5,1,"[0.05008094385266304, 0.025677390396595, 0.020390186458826065, 0.022597800940275192, 0.019515451043844223, 0.017385615035891533, 0.01689685508608818, 0.01634119264781475, 0.020650964230298996, 0.016862085089087486]","[0.039777722209692, 0.030453601852059364, 0.012767458334565163, 0.027752676978707314, 0.01305366400629282, 0.01746220700442791, 0.012851685285568237, 0.01048067957162857, 0.006285548210144043, 0.015617549419403076]","[0.1869903951883316, 0.11964477598667145, 0.11698639392852783, 0.12443513423204422, 0.10983077436685562, 0.10908827930688858, 0.10191385447978973, 0.10641534626483917, 0.11565910279750824, 0.10292146354913712]","[0.19225086271762848, 0.166423499584198, 0.10050447285175323, 0.15779687464237213, 0.10115259885787964, 0.12041795998811722, 0.09916862845420837, 0.08762694150209427, 0.06447915732860565, 0.11230633407831192]",51.7452347278595
5,2,"[0.06190849095582962, 0.038000985980033875, 0.028326818719506264, 0.02258921228349209, 0.024519290775060654, 0.025307247415184975, 0.024663245305418968, 0.014386903494596481, 0.019923226907849312, 0.014433066360652447]","[0.060860250145196915, 0.01682828739285469, 0.010867541655898094, 0.009953368455171585, 0.03589319437742233, 0.011239808052778244, 0.01641657017171383, 0.00999784842133522, 0.015675190836191177, 0.013332242146134377]","[0.19696985185146332, 0.1589982807636261, 0.13940641283988953, 0.11933988332748413, 0.11772385239601135, 0.12845052778720856, 0.12289172410964966, 0.09186827391386032, 0.11285193264484406, 0.10047748684883118]","[0.2402430772781372, 0.11763563007116318, 0.08942803740501404, 0.08546857535839081, 0.18211552500724792, 0.0922255739569664, 0.11617226153612137, 0.08565117418766022, 0.11290804296731949, 0.10155021399259567]",51.76528716087341
5,3,"[0.0651547759771347, 0.03623247519135475, 0.03013485111296177, 0.022721920162439346, 0.024401802569627762, 0.026159826666116714, 0.019070087000727654, 0.01607128605246544, 0.015339687466621399, 0.017481129616498947]","[0.026138681918382645, 0.01432475633919239, 0.03660963475704193, 0.014025146141648293, 0.009749549441039562, 0.013360328041017056, 0.0150483762845397, 0.009130246005952358, 0.011960861273109913, 0.01597617380321026]","[0.19350777566432953, 0.15636089444160461, 0.1362013965845108, 0.11973737925291061, 0.1210663914680481, 0.12989287078380585, 0.11118960380554199, 0.10340282320976257, 0.10074138641357422, 0.10473621636629105]","[0.15308627486228943, 0.10823866724967957, 0.18374481797218323, 0.10642101615667343, 0.08453018218278885, 0.1027894988656044, 0.11060020327568054, 0.08116255700588226, 0.09548752009868622, 0.11424671113491058]",52.10009765625
5,4,"[0.0458819679915905, 0.027034107595682144, 0.03009697236120701, 0.02571837417781353, 0.023739423602819443, 0.019648652523756027, 0.01841014251112938, 0.015454405918717384, 0.021419620141386986, 0.016146685928106308]","[0.006562074180692434, 0.03066413849592209, 0.018682146444916725, 0.004843438975512981, 0.010454513132572174, 0.006557098124176264, 0.023816775530576706, 0.008622548542916775, 0.005339589435607195, 0.013943149708211422]","[0.16838647425174713, 0.1291438788175583, 0.13273543119430542, 0.1301497370004654, 0.1211504116654396, 0.11196830868721008, 0.10746227204799652, 0.09839989989995956, 0.1217297837138176, 0.09804115444421768]","[0.06624507904052734, 0.1686125099658966, 0.12874990701675415, 0.05586467683315277, 0.09115280956029892, 0.06756169348955154, 0.14698061347007751, 0.07952958345413208, 0.059281859546899796, 0.10762333124876022]",58.2290358543396
5,5,"[0.04536333680152893, 0.031171781942248344, 0.029058534651994705, 0.02540629729628563, 0.02169184759259224, 0.020785391330718994, 0.02287795953452587, 0.02097327448427677, 0.019639598205685616, 0.014707997441291809]","[0.046266552060842514, 0.009323809295892715, 0.006370781920850277, 0.009253631345927715, 0.023304913192987442, 0.014850357547402382, 0.014249881729483604, 0.006481810938566923, 0.006356393918395042, 0.014297348447144032]","[0.16964824497699738, 0.13907676935195923, 0.13156971335411072, 0.12756600975990295, 0.1133447140455246, 0.11534716188907623, 0.11814560741186142, 0.11924304813146591, 0.10848230123519897, 0.09854505956172943]","[0.20854350924491882, 0.08351696282625198, 0.06485351175069809, 0.08251918107271194, 0.14364439249038696, 0.11071626842021942, 0.107628233730793, 0.0655866488814354, 0.06525271385908127, 0.10776066035032272]",51.92302918434143
5,6,"[0.06396188586950302, 0.03227125480771065, 0.029624177142977715, 0.0247514508664608, 0.020955350250005722, 0.02417428232729435, 0.020443255081772804, 0.019502557814121246, 0.018802877515554428, 0.016758432611823082]","[0.03558087721467018, 0.01037901546806097, 0.016797369346022606, 0.02138681709766388, 0.017016733065247536, 0.011351794935762882, 0.014360189437866211, 0.020081063732504845, 0.009684803895652294, 0.008312636986374855]","[0.19768239557743073, 0.14386138319969177, 0.13571330904960632, 0.13065145909786224, 0.11637987196445465, 0.11827900260686874, 0.11138275265693665, 0.11309634149074554, 0.11257529258728027, 0.10500930994749069]","[0.1812986135482788, 0.08838260918855667, 0.11876539885997772, 0.13644376397132874, 0.1189938634634018, 0.09195123612880707, 0.10616858303546906, 0.1299167275428772, 0.08350814878940582, 0.07622193545103073]",52.6378698348999
5,7,"[0.05177062749862671, 0.031427305191755295, 0.0317394882440567, 0.02806415967643261, 0.02380235493183136, 0.021721411496400833, 0.02073519676923752, 0.015432218089699745, 0.019079945981502533, 0.01647590659558773]","[0.017604684457182884, 0.027645381167531013, 0.01746898889541626, 0.03656742349267006, 0.006695668213069439, 0.01853005588054657, 0.014822396449744701, 0.026620471850037575, 0.02269277349114418, 0.009062484838068485]","[0.18524962663650513, 0.14617641270160675, 0.147396981716156, 0.1356414258480072, 0.12693211436271667, 0.11613097041845322, 0.11633084714412689, 0.10421522706747055, 0.11042408645153046, 0.10358896851539612]","[0.12330755591392517, 0.15917041897773743, 0.12279122322797775, 0.18455535173416138, 0.06715328991413116, 0.12654009461402893, 0.11070901155471802, 0.1546711027622223, 0.14134491980075836, 0.08113103359937668]",50.227341175079346
5,8,"[0.06400179862976074, 0.02845671959221363, 0.024325817823410034, 0.018966510891914368, 0.01992718130350113, 0.02020006626844406, 0.018933329731225967, 0.018105337396264076, 0.018262023106217384, 0.016617627814412117]","[0.02456953562796116, 0.008069542236626148, 0.011927786283195019, 0.013700333423912525, 0.009953847154974937, 0.00363160390406847, 0.0070925489999353886, 0.00758106354624033, 0.00919844675809145, 0.008790728636085987]","[0.19648486375808716, 0.13550017774105072, 0.1264897882938385, 0.10692476481199265, 0.11272478848695755, 0.11896452307701111, 0.11238506436347961, 0.10606315732002258, 0.1167113408446312, 0.10311374068260193]","[0.14739640057086945, 0.07448476552963257, 0.09520348161458969, 0.1034221425652504, 0.08434926718473434, 0.04409907013177872, 0.0687752515077591, 0.07179395109415054, 0.08069267868995667, 0.07857590168714523]",50.306843996047974
5,9,"[0.05296359583735466, 0.04162761941552162, 0.030308958142995834, 0.024572456255555153, 0.021466439589858055, 0.026583530008792877, 0.021350843831896782, 0.017463594675064087, 0.015385334379971027, 0.020558951422572136]","[0.05288383364677429, 0.013962396420538425, 0.017062531784176826, 0.01851319521665573, 0.013882879167795181, 0.011180766858160496, 0.020123060792684555, 0.007732592057436705, 0.008750136941671371, 0.01049860380589962]","[0.1837904155254364, 0.16956570744514465, 0.1429470181465149, 0.12351209670305252, 0.11075861006975174, 0.12991026043891907, 0.1179826483130455, 0.10538752377033234, 0.09711625427007675, 0.11137435585260391]","[0.22400006651878357, 0.10681833326816559, 0.12035458534955978, 0.12625634670257568, 0.10626790672540665, 0.0926767885684967, 0.13208769261837006, 0.0731111690402031, 0.07887386530637741, 0.08825170248746872]",52.240402936935425
5,10,"[0.0793682262301445, 0.036826830357313156, 0.03330814465880394, 0.02752014435827732, 0.028064915910363197, 0.023013459518551826, 0.021942324936389923, 0.022570637986063957, 0.02173847146332264, 0.019771995022892952]","[0.054595138877630234, 0.017852159217000008, 0.021891815587878227, 0.015226217918097973, 0.013506798073649406, 0.026265261694788933, 0.015761103481054306, 0.019146660342812538, 0.010438458994030952, 0.009611248970031738]","[0.2208784967660904, 0.15396933257579803, 0.14689132571220398, 0.13260875642299652, 0.13391415774822235, 0.1239887923002243, 0.12047883123159409, 0.11644815653562546, 0.11539912968873978, 0.1149226501584053]","[0.22802314162254333, 0.1239502876996994, 0.1391875445842743, 0.11343575268983841, 0.1057671532034874, 0.15425659716129303, 0.1155635192990303, 0.1285935491323471, 0.08858603239059448, 0.08397123217582703]",49.767555713653564
5,11,"[0.0757008045911789, 0.043627411127090454, 0.03989487886428833, 0.02907276339828968, 0.02671297825872898, 0.027675054967403412, 0.02077784389257431, 0.025776740163564682, 0.018521759659051895, 0.018344324082136154]","[0.049113091081380844, 0.04012524336576462, 0.04282824322581291, 0.021818038076162338, 0.02169773355126381, 0.015227503143250942, 0.023709652945399284, 0.02624782733619213, 0.01599326729774475, 0.0208072941750288]","[0.2183048278093338, 0.17110539972782135, 0.16444100439548492, 0.13445945084095, 0.13429799675941467, 0.13406407833099365, 0.12242709845304489, 0.12542712688446045, 0.11136336624622345, 0.11076042056083679]","[0.21484631299972534, 0.1929107904434204, 0.1998000144958496, 0.1379588395357132, 0.13721045851707458, 0.11105925589799881, 0.14367087185382843, 0.15198291838169098, 0.11369548738002777, 0.13263559341430664]",50.77907633781433
5,12,"[0.06250913441181183, 0.039207179099321365, 0.02813166007399559, 0.02831670455634594, 0.02117139659821987, 0.020874088630080223, 0.01977545954287052, 0.022212127223610878, 0.015160678885877132, 0.017728125676512718]","[0.04851967468857765, 0.05886484682559967, 0.01572469063103199, 0.00853056088089943, 0.009211141616106033, 0.013899078592658043, 0.00524057587608695, 0.017401793971657753, 0.008597762323915958, 0.006468359846621752]","[0.1984882354736328, 0.16357633471488953, 0.13213425874710083, 0.12856446206569672, 0.11322639137506485, 0.11483792215585709, 0.115681953728199, 0.11672370880842209, 0.09955362975597382, 0.10862969607114792]","[0.21373522281646729, 0.2359255701303482, 0.1122310608625412, 0.07639101147651672, 0.0800529345870018, 0.10231254249811172, 0.055756449699401855, 0.11752104759216309, 0.07736895233392715, 0.06493484973907471]",46.222100496292114
5,13,"[0.13728509843349457, 0.05191437527537346, 0.0347457118332386, 0.03417810797691345, 0.023978743702173233, 0.026326628401875496, 0.02260470576584339, 0.024063942953944206, 0.01792721450328827, 0.01794176548719406]","[0.050840552896261215, 0.02686142735183239, 0.025578832253813744, 0.017470860853791237, 0.021096842363476753, 0.029486287385225296, 0.014877041801810265, 0.013446926139295101, 0.022499633952975273, 0.015581060200929642]","[0.276017427444458, 0.18825966119766235, 0.15088826417922974, 0.1543925404548645, 0.12128783762454987, 0.12415944039821625, 0.12482501566410065, 0.12269079685211182, 0.10458485782146454, 0.10680601000785828]","[0.2204635590314865, 0.15720310807228088, 0.15306201577186584, 0.12355880439281464, 0.13724900782108307, 0.16463546454906464, 0.11150142550468445, 0.10470570623874664, 0.14111022651195526, 0.11404533684253693]",51.02921414375305
5,14,"[0.047689978033304214, 0.03254590183496475, 0.027080604806542397, 0.025141442194581032, 0.02217663824558258, 0.02321002073585987, 0.018238523975014687, 0.016175001859664917, 0.016582254320383072, 0.02037273906171322]","[0.03661166876554489, 0.01262872014194727, 0.0268603153526783, 0.004402136895805597, 0.008608641102910042, 0.008226776495575905, 0.011782418936491013, 0.01094611082226038, 0.010365365073084831, 0.012725699692964554]","[0.16999498009681702, 0.14710548520088196, 0.13136664032936096, 0.12963660061359406, 0.11795363575220108, 0.12281659245491028, 0.11115655303001404, 0.1029682531952858, 0.10538586229085922, 0.11733150482177734]","[0.18283753097057343, 0.09814683347940445, 0.15356388688087463, 0.05061560496687889, 0.07669984549283981, 0.07467588037252426, 0.0922999158501625, 0.08846155554056168, 0.08569030463695526, 0.09639196842908859]",52.24195647239685
5,15,"[0.09539099782705307, 0.04418110102415085, 0.027559855952858925, 0.026806233450770378, 0.025603871792554855, 0.028906894847750664, 0.021841436624526978, 0.020365141332149506, 0.02107744663953781, 0.016260460019111633]","[0.06990092247724533, 0.042400628328323364, 0.019530633464455605, 0.011269964277744293, 0.03529779985547066, 0.02909931354224682, 0.023613328114151955, 0.0184885635972023, 0.017874039709568024, 0.01644415594637394]","[0.24867847561836243, 0.17237690091133118, 0.13346068561077118, 0.13081784546375275, 0.12573084235191345, 0.13661982119083405, 0.11776135861873627, 0.11091240495443344, 0.11716128885746002, 0.09529276937246323]","[0.2589693069458008, 0.1990797370672226, 0.13077886402606964, 0.09435385465621948, 0.18099969625473022, 0.16292250156402588, 0.1455821394920349, 0.1264721304178238, 0.12364435195922852, 0.11821575462818146]",50.79482889175415
5,16,"[0.07174379378557205, 0.033940404653549194, 0.0226125568151474, 0.023187411949038506, 0.02378193289041519, 0.01983562856912613, 0.01995590329170227, 0.016227886080741882, 0.019001517444849014, 0.017550267279148102]","[0.04119407385587692, 0.027129260823130608, 0.011937334202229977, 0.013450052589178085, 0.019239995628595352, 0.006881787441670895, 0.008891498669981956, 0.018068326637148857, 0.007728198543190956, 0.009951937012374401]","[0.21883632242679596, 0.15198077261447906, 0.11537250876426697, 0.11677322536706924, 0.12145349383354187, 0.11278167366981506, 0.10881397873163223, 0.1025417149066925, 0.11293075978755951, 0.11084166914224625]","[0.196416437625885, 0.15698391199111938, 0.09784425795078278, 0.10550110787153244, 0.13000787794589996, 0.06945013254880905, 0.08134207874536514, 0.12530356645584106, 0.07446349412202835, 0.08701366931200027]",49.23590803146362
5,17,"[0.045286402106285095, 0.028225451707839966, 0.027559775859117508, 0.024001523852348328, 0.02031891606748104, 0.019376493990421295, 0.01841501146554947, 0.020425977185368538, 0.020321158692240715, 0.013656542636454105]","[0.03789018094539642, 0.013984914869070053, 0.031716592609882355, 0.028668519109487534, 0.022400181740522385, 0.016935022547841072, 0.020326996222138405, 0.019055401906371117, 0.035256583243608475, 0.01878390461206436]","[0.17136222124099731, 0.1349581927061081, 0.1366851031780243, 0.12304763495922089, 0.11683770269155502, 0.11549461632966995, 0.11262580007314682, 0.11510148644447327, 0.11632528901100159, 0.09864576905965805]","[0.18772856891155243, 0.1077919453382492, 0.17127534747123718, 0.16184090077877045, 0.14111636579036713, 0.11959090083837509, 0.1327630877494812, 0.12846536934375763, 0.1805415153503418, 0.12731175124645233]",50.323370933532715
5,18,"[0.05745169147849083, 0.031167693436145782, 0.02298838086426258, 0.027008501812815666, 0.019403893500566483, 0.02009321190416813, 0.02088865265250206, 0.01762722246348858, 0.018014363944530487, 0.01668035425245762]","[0.016501441597938538, 0.007827536202967167, 0.007886229082942009, 0.023580394685268402, 0.007639695890247822, 0.0034377812407910824, 0.01863590069115162, 0.008286661468446255, 0.018754348158836365, 0.00872843898832798]","[0.191826730966568, 0.13595178723335266, 0.12292041629552841, 0.13173125684261322, 0.1118699386715889, 0.11253738403320312, 0.11104655265808105, 0.10385768860578537, 0.10802242904901505, 0.10484486073255539]","[0.11765588819980621, 0.0739726722240448, 0.07455074042081833, 0.14502376317977905, 0.07298065721988678, 0.045612819492816925, 0.12627649307250977, 0.0767277330160141, 0.12625965476036072, 0.07872146368026733]",50.92005205154419
5,19,"[0.05706345662474632, 0.038859374821186066, 0.03171847015619278, 0.028339136391878128, 0.023992357775568962, 0.02085156925022602, 0.0212234053760767, 0.01811462640762329, 0.01761549711227417, 0.01919490098953247]","[0.04445832222700119, 0.02020271122455597, 0.017038507387042046, 0.0132420239970088, 0.019788067787885666, 0.011293115094304085, 0.006540628150105476, 0.014742028899490833, 0.010000227019190788, 0.004859869368374348]","[0.19618619978427887, 0.1630798876285553, 0.14387108385562897, 0.13399361073970795, 0.11735741794109344, 0.11797236651182175, 0.11691518127918243, 0.11074278503656387, 0.10636670887470245, 0.11626048386096954]","[0.20385971665382385, 0.1315145492553711, 0.1184292584657669, 0.10087205469608307, 0.1288522183895111, 0.09084425121545792, 0.0655338242650032, 0.10720513761043549, 0.08466697484254837, 0.054161541163921356]",48.698092460632324
10,0,"[0.05254358798265457, 0.023910239338874817, 0.022934235632419586, 0.01611287333071232, 0.016719946637749672, 0.0190852340310812, 0.015712721273303032, 0.017542367801070213, 0.015537749044597149, 0.013526281341910362]","[0.013992870226502419, 0.02352246083319187, 0.017514651641249657, 0.02274993620812893, 0.013683434575796127, 0.007500666659325361, 0.012058078311383724, 0.0032257221173495054, 0.00829214695841074, 0.007154777180403471]","[0.17557527124881744, 0.12581707537174225, 0.12091372162103653, 0.10082888603210449, 0.10358770191669464, 0.11493333429098129, 0.10394064337015152, 0.10828845202922821, 0.09822674095630646, 0.09623012691736221]","[0.10773350298404694, 0.14519727230072021, 0.12281361222267151, 0.14160490036010742, 0.10513075441122055, 0.07220052182674408, 0.0968545451760292, 0.04545731097459793, 0.07704965770244598, 0.07065839320421219]",48.420291900634766
10,1,"[0.053588367998600006, 0.02236810140311718, 0.028620567172765732, 0.01770731993019581, 0.017818806692957878, 0.02031620591878891, 0.01755513623356819, 0.014544890262186527, 0.014303534291684628, 0.014784817583858967]","[0.03519575670361519, 0.0062281666323542595, 0.010537239722907543, 0.02701698988676071, 0.01348988525569439, 0.010220745578408241, 0.009139093570411205, 0.006459722761064768, 0.008218759670853615, 0.003087066113948822]","[0.18094481527805328, 0.12159521877765656, 0.1342485249042511, 0.10705622285604477, 0.10932877659797668, 0.11312606185674667, 0.10528404265642166, 0.09858998656272888, 0.09532540291547775, 0.09965794533491135]","[0.1802080273628235, 0.06394816935062408, 0.0901125892996788, 0.15629656612873077, 0.10495883971452713, 0.08753512799739838, 0.08170277625322342, 0.0663444995880127, 0.07649402320384979, 0.045171789824962616]",49.38629150390625
10,2,"[0.05722960829734802, 0.026084577664732933, 0.021618332713842392, 0.01724393106997013, 0.01963474415242672, 0.017663273960351944, 0.014236938208341599, 0.014354239217936993, 0.013484463095664978, 0.01292948517948389]","[0.04963169991970062, 0.012613139115273952, 0.007633118890225887, 0.009732388891279697, 0.005166948772966862, 0.00941958837211132, 0.007052278611809015, 0.011341823264956474, 0.006260399241000414, 0.010659217834472656]","[0.1850394308567047, 0.13143131136894226, 0.11598207801580429, 0.10580353438854218, 0.11603789776563644, 0.10564728081226349, 0.09678138792514801, 0.09759577363729477, 0.097690649330616, 0.09549304097890854]","[0.21654081344604492, 0.09980855137109756, 0.07216043770313263, 0.08391685783863068, 0.05680675059556961, 0.08199197798967361, 0.06921891868114471, 0.09111994504928589, 0.06424129009246826, 0.088177390396595]",49.85083770751953
10,3,"[0.04194387421011925, 0.02903900481760502, 0.021361563354730606, 0.017243022099137306, 0.01835056021809578, 0.018387502059340477, 0.012903356924653053, 0.014847557060420513, 0.014543434605002403, 0.01379524078220129]","[0.011106092482805252, 0.021501939743757248, 0.009594068862497807, 0.012684264220297337, 0.004514068830758333, 0.004991517867892981, 0.00739614712074399, 0.01293692272156477, 0.006122902501374483, 0.00532324006780982]","[0.1641501933336258, 0.13715071976184845, 0.1203804761171341, 0.10581715404987335, 0.11264821887016296, 0.11225120723247528, 0.09191900491714478, 0.09833702445030212, 0.09737475216388702, 0.09674325585365295]","[0.09107696264982224, 0.13635772466659546, 0.08328357338905334, 0.09756005555391312, 0.051767077296972275, 0.056483589112758636, 0.07136333733797073, 0.09838169813156128, 0.06527605652809143, 0.06253781914710999]",49.26630759239197
10,4,"[0.05816088616847992, 0.02878490649163723, 0.021773673593997955, 0.019397884607315063, 0.019484462216496468, 0.01692645251750946, 0.015639277175068855, 0.017358323559165, 0.01647418737411499, 0.01285219844430685]","[0.035317547619342804, 0.0328601710498333, 0.020761383697390556, 0.012266033329069614, 0.0067604235373437405, 0.003551564645022154, 0.005955244414508343, 0.010257819667458534, 0.004749143496155739, 0.009331338107585907]","[0.1841116100549698, 0.13454224169254303, 0.11988291144371033, 0.11055820435285568, 0.11525970697402954, 0.10523651540279388, 0.10205945372581482, 0.1004023402929306, 0.09619424492120743, 0.09219825267791748]","[0.17991040647029877, 0.1726071983575821, 0.13261623680591583, 0.09494020789861679, 0.06651785969734192, 0.04421667754650116, 0.06147755682468414, 0.08590035140514374, 0.05436878651380539, 0.08194010704755783]",51.43076539039612
10,5,"[0.032796718180179596, 0.018260618671774864, 0.017796913161873817, 0.01523722056299448, 0.017337819561362267, 0.019798677414655685, 0.011756092309951782, 0.0164144616574049, 0.014813178218901157, 0.015257549472153187]","[0.006852570455521345, 0.007966723293066025, 0.021753329783678055, 0.020900389179587364, 0.01478617638349533, 0.003940264228731394, 0.004372652620077133, 0.0059510450810194016, 0.005920549854636192, 0.0049633546732366085]","[0.1447937786579132, 0.11164864152669907, 0.10948337614536285, 0.09893334656953812, 0.10834336280822754, 0.11173698306083679, 0.09027969837188721, 0.10033848136663437, 0.09669191390275955, 0.0967802181839943]","[0.06743597239255905, 0.07482099533081055, 0.1369168609380722, 0.13361820578575134, 0.10754836350679398, 0.048871565610170364, 0.052138954401016235, 0.062330301851034164, 0.06251553446054459, 0.058138296008110046]",49.67202854156494
10,6,"[0.038104861974716187, 0.026063479483127594, 0.021395020186901093, 0.017067868262529373, 0.017845837399363518, 0.015902135521173477, 0.020397044718265533, 0.012980865314602852, 0.015914393588900566, 0.013849517330527306]","[0.04224583879113197, 0.012165062129497528, 0.013393040746450424, 0.03569774702191353, 0.008514267392456532, 0.021874990314245224, 0.014214646071195602, 0.006355161312967539, 0.009201505221426487, 0.005346567369997501]","[0.15298566222190857, 0.1322946697473526, 0.1194969043135643, 0.10721897333860397, 0.10691136121749878, 0.10067431628704071, 0.11460563540458679, 0.09410573542118073, 0.10595730692148209, 0.09190485626459122]","[0.19692306220531464, 0.09447074681520462, 0.09957002848386765, 0.17830070853233337, 0.07688215374946594, 0.13509324193000793, 0.1039542481303215, 0.06446782499551773, 0.08101953566074371, 0.05918562412261963]",49.05264115333557
10,7,"[0.042992133647203445, 0.023936178535223007, 0.022245533764362335, 0.01707424782216549, 0.01635599508881569, 0.014135326258838177, 0.013883325271308422, 0.013731407932937145, 0.015180699527263641, 0.010464421473443508]","[0.004573867656290531, 0.007222135551273823, 0.007244874723255634, 0.010486673563718796, 0.00785829871892929, 0.008865552954375744, 0.0064751687459647655, 0.009641526266932487, 0.010637723840773106, 0.005384118761867285]","[0.1604328155517578, 0.12358947098255157, 0.12051834166049957, 0.10362662374973297, 0.10314146429300308, 0.09513749182224274, 0.09657995402812958, 0.09712903946638107, 0.10162024199962616, 0.08272281289100647]","[0.053138650953769684, 0.07028370350599289, 0.0705251544713974, 0.0877951830625534, 0.0742325633764267, 0.07970671355724335, 0.06600450724363327, 0.0833919495344162, 0.08849401026964188, 0.05953573063015938]",48.88649392127991
10,8,"[0.04820318520069122, 0.028027424588799477, 0.020739145576953888, 0.01868506148457527, 0.02082541212439537, 0.015230387449264526, 0.016256242990493774, 0.012919826433062553, 0.013086119666695595, 0.014079475775361061]","[0.02104528620839119, 0.013784121721982956, 0.019452683627605438, 0.007603765930980444, 0.009512781165540218, 0.006736631039530039, 0.012740061618387699, 0.005236708093434572, 0.007776825223118067, 0.00774678960442543]","[0.17760013043880463, 0.1337309628725052, 0.11162488162517548, 0.10634717345237732, 0.1152474582195282, 0.09739856421947479, 0.10311830788850784, 0.09008414298295975, 0.09093963354825974, 0.09506678581237793]","[0.13385939598083496, 0.10318596661090851, 0.1271645575761795, 0.07217460125684738, 0.08257469534873962, 0.06659383326768875, 0.09729354083538055, 0.058426592499017715, 0.07264870405197144, 0.07331187278032303]",47.22921371459961
10,9,"[0.05486161261796951, 0.027526238933205605, 0.02555457130074501, 0.019408242776989937, 0.017684733495116234, 0.015939684584736824, 0.015321080572903156, 0.01692160964012146, 0.014907941222190857, 0.015175309032201767]","[0.01775723695755005, 0.02360077202320099, 0.009671790525317192, 0.012158164754509926, 0.011343569494783878, 0.015074356459081173, 0.012750720605254173, 0.03225833550095558, 0.013747411780059338, 0.00422244006767869]","[0.18226906657218933, 0.12995553016662598, 0.12913121283054352, 0.1121610552072525, 0.11065676063299179, 0.102384552359581, 0.10159530490636826, 0.10126030445098877, 0.09909631311893463, 0.10325191915035248]","[0.122893787920475, 0.14427366852760315, 0.08327576518058777, 0.09496796876192093, 0.0908939391374588, 0.10849049687385559, 0.09719742089509964, 0.16920194029808044, 0.10149828344583511, 0.05313725024461746]",47.91027355194092
10,10,"[0.044940922409296036, 0.024920569732785225, 0.01890081912279129, 0.017507631331682205, 0.01678590662777424, 0.014152905903756618, 0.013993153348565102, 0.016398390755057335, 0.013685537502169609, 0.011631987988948822]","[0.007702294271439314, 0.02348512038588524, 0.017966946586966515, 0.02457425557076931, 0.018358830362558365, 0.014357410371303558, 0.010417562909424305, 0.019595200195908546, 0.006758262403309345, 0.01364421471953392]","[0.16056302189826965, 0.12851014733314514, 0.11088931560516357, 0.10898111015558243, 0.10495245456695557, 0.09532852470874786, 0.09402181953191757, 0.10044070333242416, 0.0976300835609436, 0.09015852957963943]","[0.07280220091342926, 0.1438997983932495, 0.12275052070617676, 0.14697428047657013, 0.12378224730491638, 0.10579674690961838, 0.08740560710430145, 0.12749068439006805, 0.06807004660367966, 0.10167021304368973]",49.07782483100891
10,11,"[0.056049518287181854, 0.032284822314977646, 0.027409406378865242, 0.018395202234387398, 0.01948666013777256, 0.019361587241292, 0.012280777096748352, 0.01566026173532009, 0.014827662147581577, 0.016533728688955307]","[0.004842613358050585, 0.008007519878447056, 0.020929094403982162, 0.022948874160647392, 0.028949957340955734, 0.015382141806185246, 0.010613552294671535, 0.004890206269919872, 0.011311355978250504, 0.019252685829997063]","[0.17955927550792694, 0.14416544139385223, 0.128208190202713, 0.10691804438829422, 0.11184989660978317, 0.11340518295764923, 0.08986476808786392, 0.10217776149511337, 0.09848561137914658, 0.10398046672344208]","[0.05470428243279457, 0.07499982416629791, 0.1349245011806488, 0.1413402110338211, 0.16093645989894867, 0.11080248653888702, 0.08766108006238937, 0.055142469704151154, 0.09158290922641754, 0.12600144743919373]",48.48943614959717
10,12,"[0.03992689028382301, 0.022503774613142014, 0.0241400059312582, 0.01864401437342167, 0.01638457551598549, 0.016219045966863632, 0.014736508019268513, 0.015194162726402283, 0.01475624181330204, 0.012293871492147446]","[0.03923483192920685, 0.01737981289625168, 0.012345533818006516, 0.007461679168045521, 0.006845088209956884, 0.013021429069340229, 0.010037284344434738, 0.007784664630889893, 0.017491446807980537, 0.014596771448850632]","[0.16329510509967804, 0.12030491977930069, 0.12587988376617432, 0.11010830849409103, 0.1015143096446991, 0.09882887452840805, 0.10370316356420517, 0.10112686455249786, 0.09875878691673279, 0.09085699170827866]","[0.19064822793006897, 0.12054949998855591, 0.09761344641447067, 0.0717170387506485, 0.06809024512767792, 0.09996826201677322, 0.08543670922517776, 0.07346164435148239, 0.11916575580835342, 0.10601978749036789]",47.935131311416626
10,13,"[0.060562994331121445, 0.028389915823936462, 0.026653645560145378, 0.02161674201488495, 0.019878946244716644, 0.016058599576354027, 0.01676960289478302, 0.017902925610542297, 0.015239897184073925, 0.013699590228497982]","[0.009117132984101772, 0.029433351010084152, 0.026491066440939903, 0.016824156045913696, 0.022195633500814438, 0.012746256776154041, 0.003327580401673913, 0.004427641164511442, 0.006413624621927738, 0.01863994635641575]","[0.18429532647132874, 0.13812589645385742, 0.1316574513912201, 0.12388549000024796, 0.11265125125646591, 0.10119470953941345, 0.10079150646924973, 0.10923020541667938, 0.0976579412817955, 0.09352332353591919]","[0.0806262418627739, 0.1630111038684845, 0.1540202647447586, 0.1187683492898941, 0.138896182179451, 0.09956563264131546, 0.045462511479854584, 0.05374177545309067, 0.06574822962284088, 0.12495377659797668]",49.05949950218201
10,14,"[0.04174479469656944, 0.024870043620467186, 0.020504454150795937, 0.01767640933394432, 0.017719803377985954, 0.01289698388427496, 0.01636825129389763, 0.01505051739513874, 0.01387553010135889, 0.0134477149695158]","[0.024776101112365723, 0.02687157690525055, 0.017465682700276375, 0.017189210280776024, 0.011684004217386246, 0.012793156318366528, 0.018261415883898735, 0.011060697957873344, 0.009808954782783985, 0.025329656898975372]","[0.15484175086021423, 0.12890221178531647, 0.11624176055192947, 0.10883913934230804, 0.10883013904094696, 0.0916009172797203, 0.10259201377630234, 0.10078492760658264, 0.09561950713396072, 0.09285533428192139]","[0.1489345133304596, 0.15546558797359467, 0.12171642482280731, 0.12078163027763367, 0.09567422419786453, 0.10065478831529617, 0.12486937642097473, 0.09179824590682983, 0.0857095941901207, 0.15092982351779938]",48.733970165252686
10,15,"[0.041672710329294205, 0.025256715714931488, 0.0259872879832983, 0.017808087170124054, 0.018449896946549416, 0.016973592340946198, 0.01703020930290222, 0.01829654909670353, 0.015241061337292194, 0.012937297113239765]","[0.018321387469768524, 0.03687359392642975, 0.01485738717019558, 0.015006601810455322, 0.006809248588979244, 0.028473952785134315, 0.009484199807047844, 0.025350777432322502, 0.006460272241383791, 0.00872125942260027]","[0.17129991948604584, 0.13120870292186737, 0.1340140551328659, 0.10956140607595444, 0.1082194447517395, 0.1043643206357956, 0.10848532617092133, 0.11046049743890762, 0.10460080206394196, 0.09000315517187119]","[0.12340161949396133, 0.18217606842517853, 0.10636226832866669, 0.10632914304733276, 0.06650599837303162, 0.15653687715530396, 0.0816505178809166, 0.145931676030159, 0.0644928589463234, 0.0778273195028305]",48.80491495132446
10,16,"[0.052230045199394226, 0.025408079847693443, 0.02315346524119377, 0.020683839917182922, 0.015676185488700867, 0.017537256702780724, 0.0183537770062685, 0.015979213640093803, 0.014438634738326073, 0.014411354437470436]","[0.012905153445899487, 0.007987449876964092, 0.026211721822619438, 0.035120509564876556, 0.035724349319934845, 0.009978092275559902, 0.015622337348759174, 0.012604651041328907, 0.009084980934858322, 0.013765194453299046]","[0.1732364147901535, 0.12918636202812195, 0.12151844799518585, 0.11661473661661148, 0.10039979964494705, 0.10738864541053772, 0.11035741865634918, 0.10201377421617508, 0.09633943438529968, 0.096560537815094]","[0.10237012803554535, 0.07496381551027298, 0.153413787484169, 0.17943733930587769, 0.18169215321540833, 0.08555063605308533, 0.11286276578903198, 0.09850612282752991, 0.08157531917095184, 0.10420640558004379]",51.03838586807251
10,17,"[0.043492499738931656, 0.02233591303229332, 0.02037348784506321, 0.02048058994114399, 0.0176217183470726, 0.02032301016151905, 0.016676150262355804, 0.014873459935188293, 0.01299035269767046, 0.015870586037635803]","[0.00961327739059925, 0.012234736233949661, 0.01168824266642332, 0.007698953151702881, 0.010997140780091286, 0.024881459772586823, 0.010415240190923214, 0.004477770533412695, 0.011090380139648914, 0.004581025801599026]","[0.16525769233703613, 0.11710062623023987, 0.11464714258909225, 0.11466804146766663, 0.10858885198831558, 0.11716288328170776, 0.10241299122571945, 0.09703373163938522, 0.0925840437412262, 0.10272730141878128]","[0.08335570991039276, 0.09736065566539764, 0.09461314231157303, 0.07307639718055725, 0.09077808260917664, 0.14808115363121033, 0.08776330202817917, 0.052577536553144455, 0.09060152620077133, 0.055054694414138794]",48.56410455703735
10,18,"[0.04117511957883835, 0.029064537957310677, 0.02046160213649273, 0.01629328541457653, 0.015480773523449898, 0.017185524106025696, 0.016701653599739075, 0.011757837608456612, 0.0168549045920372, 0.014174344949424267]","[0.01099806372076273, 0.02019721455872059, 0.012162548489868641, 0.011595344170928001, 0.005736820865422487, 0.014480741694569588, 0.008853457868099213, 0.013725188560783863, 0.008005744777619839, 0.010803400538861752]","[0.1583915501832962, 0.13682116568088531, 0.11680885404348373, 0.10341137647628784, 0.09897854924201965, 0.10334687680006027, 0.10259243100881577, 0.08745965361595154, 0.10418020933866501, 0.09808074682950974]","[0.09134245663881302, 0.1319720298051834, 0.09654638171195984, 0.09328746795654297, 0.061026692390441895, 0.10694687068462372, 0.07939505577087402, 0.10267407447099686, 0.0747482031583786, 0.0890003889799118]",49.119893312454224
10,19,"[0.052772488445043564, 0.029931968078017235, 0.02216086909174919, 0.020028548315167427, 0.018369464203715324, 0.019575050100684166, 0.01651122234761715, 0.016483576968312263, 0.01566813699901104, 0.011720908805727959]","[0.008271714672446251, 0.009918096475303173, 0.008740670047700405, 0.017197666689753532, 0.020993782207369804, 0.0079109575599432, 0.015238026157021523, 0.011242389678955078, 0.007154359947890043, 0.005987364798784256]","[0.17879877984523773, 0.13844656944274902, 0.11915390938520432, 0.115360327064991, 0.1074473038315773, 0.11123277992010117, 0.10363851487636566, 0.10280050337314606, 0.10187817364931107, 0.08711543679237366]","[0.07611165940761566, 0.08527351170778275, 0.07814119756221771, 0.11884412169456482, 0.133584126830101, 0.07421925663948059, 0.10997837036848068, 0.09107095003128052, 0.06985331326723099, 0.06349848955869675]",62.34378385543823
20,0,"[0.03449031710624695, 0.01885846257209778, 0.02249555103480816, 0.014837726019322872, 0.014860795810818672, 0.014912588521838188, 0.013381780125200748, 0.012298226356506348, 0.01197265088558197, 0.01183187123388052]","[0.0123160844668746, 0.03615020588040352, 0.021086394786834717, 0.02294183522462845, 0.017056718468666077, 0.005392928142100573, 0.023320239037275314, 0.014569365419447422, 0.005331899970769882, 0.0034598102793097496]","[0.14942654967308044, 0.11171291768550873, 0.12330929934978485, 0.09706976264715195, 0.0996970683336258, 0.0973777249455452, 0.09340758621692657, 0.09292513132095337, 0.08795152604579926, 0.08729258924722672]","[0.09643999487161636, 0.18104518949985504, 0.13202965259552002, 0.13932621479034424, 0.1165514588356018, 0.06063276156783104, 0.1414858102798462, 0.10587353259325027, 0.0599600151181221, 0.04831686243414879]",66.82582783699036
20,1,"[0.030083999037742615, 0.02297515608370304, 0.018840059638023376, 0.01504918746650219, 0.013832619413733482, 0.013547985814511776, 0.015265889465808868, 0.01309225708246231, 0.010569018311798573, 0.013293443247675896]","[0.020841481164097786, 0.011844529770314693, 0.015658486634492874, 0.007756073493510485, 0.013622685335576534, 0.007757052779197693, 0.023600878193974495, 0.0035150975454598665, 0.007775545585900545, 0.008043479174375534]","[0.13262653350830078, 0.11975608021020889, 0.11014159023761749, 0.10051348060369492, 0.09530047327280045, 0.09208694100379944, 0.09242552518844604, 0.09470291435718536, 0.08326134830713272, 0.09263026714324951]","[0.13319841027259827, 0.09328120201826096, 0.10984794050455093, 0.07275908440351486, 0.10091107338666916, 0.07249293476343155, 0.14185675978660583, 0.04687339812517166, 0.07448221743106842, 0.07416174560785294]",61.45529341697693
20,2,"[0.03511369228363037, 0.023093897849321365, 0.020926162600517273, 0.01491727214306593, 0.013055515475571156, 0.012529648840427399, 0.01294378936290741, 0.012098007835447788, 0.011931709945201874, 0.012297636829316616]","[0.006216080393642187, 0.007932597771286964, 0.010207835584878922, 0.009166974574327469, 0.022610489279031754, 0.007953180931508541, 0.008647126145660877, 0.0037158445920795202, 0.006630987860262394, 0.007737275213003159]","[0.15075111389160156, 0.12374482303857803, 0.11625279486179352, 0.09801484644412994, 0.09382960200309753, 0.09130129963159561, 0.09375780075788498, 0.08938127011060715, 0.09089551120996475, 0.09266720712184906]","[0.06380809098482132, 0.07433497160673141, 0.08610700070858002, 0.08111307770013809, 0.13892969489097595, 0.07431852072477341, 0.07794252038002014, 0.047791287302970886, 0.0679338276386261, 0.07424159348011017]",62.21431589126587
20,3,"[0.03798651322722435, 0.021643338724970818, 0.01568746380507946, 0.0170026496052742, 0.014089295640587807, 0.012738807126879692, 0.013764403760433197, 0.014384237118065357, 0.010166269727051258, 0.011517214588820934]","[0.023144111037254333, 0.024941015988588333, 0.008298177272081375, 0.013081214390695095, 0.011505511589348316, 0.0031827264465391636, 0.011427389457821846, 0.006682138890028, 0.006284681148827076, 0.012576446868479252]","[0.1626388281583786, 0.12078140676021576, 0.09995987266302109, 0.10372491180896759, 0.09426466375589371, 0.0915290042757988, 0.09464715421199799, 0.09874673187732697, 0.08129798620939255, 0.08519501984119415]","[0.1424482762813568, 0.1482427716255188, 0.07641281932592392, 0.09982410818338394, 0.09195256978273392, 0.04373379424214363, 0.09174249321222305, 0.06766493618488312, 0.06557381898164749, 0.09687831997871399]",59.1077938079834
20,4,"[0.03591161221265793, 0.028610195964574814, 0.021818814799189568, 0.01569417677819729, 0.013417314738035202, 0.013536077924072742, 0.012361787259578705, 0.012989776208996773, 0.012609224766492844, 0.012091242708265781]","[0.0036399965174496174, 0.010371887125074863, 0.01090334728360176, 0.005491694435477257, 0.010903900489211082, 0.003162113483995199, 0.003300954820588231, 0.00380358612164855, 0.013253113254904747, 0.006556236185133457]","[0.15777923166751862, 0.1326940506696701, 0.11673944443464279, 0.10215549170970917, 0.09475097805261612, 0.09205173701047897, 0.09304093569517136, 0.0924791693687439, 0.08774801343679428, 0.08729879558086395]","[0.0450289361178875, 0.08608854562044144, 0.0890595018863678, 0.05798128619790077, 0.08887002617120743, 0.04287656024098396, 0.044260818511247635, 0.050409384071826935, 0.09890612214803696, 0.06745432317256927]",62.2692985534668
20,5,"[0.036861829459667206, 0.020762596279382706, 0.016139941290020943, 0.016691043972969055, 0.015316006727516651, 0.012955106794834137, 0.011088483035564423, 0.011105799116194248, 0.012922451831400394, 0.010888054966926575]","[0.03478595241904259, 0.020036838948726654, 0.00638426560908556, 0.017709407955408096, 0.0030555385164916515, 0.008249481208622456, 0.004137914627790451, 0.01117066852748394, 0.004699772223830223, 0.010426619090139866]","[0.15477833151817322, 0.1148698702454567, 0.10742727667093277, 0.10639630258083344, 0.10075052082538605, 0.09290052205324173, 0.08591873943805695, 0.08532389253377914, 0.091604083776474, 0.0843566358089447]","[0.17847725749015808, 0.13088484108448029, 0.06551782786846161, 0.12055914103984833, 0.04243728518486023, 0.07577286660671234, 0.05466257408261299, 0.09046858549118042, 0.057128552347421646, 0.08666186034679413]",57.55920958518982
20,6,"[0.03967670351266861, 0.021497229114174843, 0.019672568887472153, 0.020103445276618004, 0.014897012151777744, 0.01514740101993084, 0.011648275889456272, 0.015757089480757713, 0.010532560758292675, 0.011385614983737469]","[0.011494625359773636, 0.014940092340111732, 0.009622964076697826, 0.040544454008340836, 0.004658668767660856, 0.017708826810121536, 0.005124968010932207, 0.004468666389584541, 0.005513662006705999, 0.004998399410396814]","[0.15344662964344025, 0.11746099591255188, 0.11464712768793106, 0.11332452297210693, 0.09659267216920853, 0.09869103133678436, 0.09171943366527557, 0.10138649493455887, 0.08398785442113876, 0.0872693806886673]","[0.09269332140684128, 0.10892124474048615, 0.08266732096672058, 0.19148491322994232, 0.05469246581196785, 0.11901745200157166, 0.058346278965473175, 0.055034734308719635, 0.06277184188365936, 0.05853940546512604]",62.196672677993774
20,7,"[0.03497372567653656, 0.02103775553405285, 0.016262728720903397, 0.0141363013535738, 0.011675109155476093, 0.013161145150661469, 0.015029650181531906, 0.011364168487489223, 0.015023071318864822, 0.011480647139251232]","[0.009053959511220455, 0.022181903943419456, 0.011697680689394474, 0.0058754519559443, 0.0043084220960736275, 0.009572976268827915, 0.011099599301815033, 0.005362536292523146, 0.007002715952694416, 0.004030092153698206]","[0.1477717161178589, 0.11684045195579529, 0.10447264462709427, 0.09659893065690994, 0.09096948802471161, 0.09444700181484222, 0.10176102817058563, 0.08561625331640244, 0.09569188952445984, 0.08387677371501923]","[0.08009876310825348, 0.13783448934555054, 0.09267843514680862, 0.06157611310482025, 0.05343456193804741, 0.08283522725105286, 0.09014662355184555, 0.06123984232544899, 0.06937943398952484, 0.05220476910471916]",51.325199604034424
20,8,"[0.03778960183262825, 0.021979568526148796, 0.019870085641741753, 0.016847433522343636, 0.012054274789988995, 0.015971262007951736, 0.014011243358254433, 0.015346325002610683, 0.010588760487735271, 0.017044058069586754]","[0.024349482730031013, 0.015175133012235165, 0.012922555208206177, 0.01699151284992695, 0.017119944095611572, 0.028067780658602715, 0.007374937180429697, 0.016841774806380272, 0.003487363224849105, 0.006561704445630312]","[0.15538914501667023, 0.12237217277288437, 0.11796756088733673, 0.10441389679908752, 0.08972305059432983, 0.10291338711977005, 0.09553114324808121, 0.10321981459856033, 0.08563239872455597, 0.10834755748510361]","[0.14674359560012817, 0.1104763001203537, 0.09983647614717484, 0.11694984883069992, 0.11710022389888763, 0.1560632288455963, 0.07029003649950027, 0.11503944545984268, 0.04664832726120949, 0.06627557426691055]",49.46074390411377
20,9,"[0.03766075521707535, 0.023524217307567596, 0.01652642898261547, 0.019424550235271454, 0.01429600827395916, 0.013047000393271446, 0.012661967426538467, 0.01573028787970543, 0.011257014237344265, 0.010982107371091843]","[0.030723152682185173, 0.015900449827313423, 0.013229507021605968, 0.013819575309753418, 0.0077365851029753685, 0.008240697905421257, 0.006563584785908461, 0.011696139350533485, 0.007347249425947666, 0.005632820539176464]","[0.1584433764219284, 0.12070077657699585, 0.10403713583946228, 0.11549516022205353, 0.10193260759115219, 0.09187343716621399, 0.08869004249572754, 0.10221825540065765, 0.0860583633184433, 0.08394014835357666]","[0.1655455231666565, 0.1112385094165802, 0.09978161007165909, 0.10189776867628098, 0.07247471809387207, 0.07613801211118698, 0.06587821245193481, 0.09137297421693802, 0.07277621328830719, 0.06333959102630615]",49.29405093193054
20,10,"[0.03326261416077614, 0.022700976580381393, 0.01655869372189045, 0.015779687091708183, 0.0180770605802536, 0.013604564592242241, 0.01269355695694685, 0.012109997682273388, 0.015770144760608673, 0.009556295350193977]","[0.0289333276450634, 0.01577933318912983, 0.008038678206503391, 0.025470303371548653, 0.008750335313379765, 0.0256571713835001, 0.00987746100872755, 0.016930220648646355, 0.008478269912302494, 0.004902705084532499]","[0.14811842143535614, 0.12385773658752441, 0.10102785378694534, 0.10167404264211655, 0.10990265011787415, 0.09667861461639404, 0.09158019721508026, 0.08895760774612427, 0.09945185482501984, 0.08013089746236801]","[0.16068027913570404, 0.11237125098705292, 0.07477325946092606, 0.1479390561580658, 0.0786224976181984, 0.14867135882377625, 0.08428166061639786, 0.11595644801855087, 0.07671378552913666, 0.05893396586179733]",49.7451708316803
20,11,"[0.0366826131939888, 0.02239999920129776, 0.019045494496822357, 0.01625843346118927, 0.014334188774228096, 0.013628270477056503, 0.012462210841476917, 0.013981162570416927, 0.011724972166121006, 0.010782276280224323]","[0.015785131603479385, 0.03664518892765045, 0.011327906511723995, 0.008812159299850464, 0.014777430333197117, 0.005055311601608992, 0.010586556047201157, 0.006719762459397316, 0.015649743378162384, 0.010449022054672241]","[0.14956146478652954, 0.11575090885162354, 0.11249706894159317, 0.10433607548475266, 0.09443363547325134, 0.0944543406367302, 0.09232337772846222, 0.09620150178670883, 0.08626048266887665, 0.07952596992254257]","[0.1148010864853859, 0.18385063111782074, 0.09224611520767212, 0.07883156090974808, 0.1075502261519432, 0.059074774384498596, 0.08783287554979324, 0.0688604786992073, 0.1123003363609314, 0.08668384701013565]",53.71936893463135
20,12,"[0.039738528430461884, 0.017410021275281906, 0.016898971050977707, 0.015934482216835022, 0.014425208792090416, 0.010376744903624058, 0.011153936386108398, 0.013541977852582932, 0.009596601128578186, 0.01416866760700941]","[0.03904031589627266, 0.009411660023033619, 0.01260596327483654, 0.015279906801879406, 0.010103651322424412, 0.012901408597826958, 0.012056705541908741, 0.01673079840838909, 0.005519308615475893, 0.0032802228815853596]","[0.14520646631717682, 0.10706797242164612, 0.10235773772001266, 0.10303323715925217, 0.09689683467149734, 0.08192756772041321, 0.08629438281059265, 0.09522763639688492, 0.08083882182836533, 0.09771634638309479]","[0.190227672457695, 0.08239199966192245, 0.09819059818983078, 0.11045683175325394, 0.08551306277513504, 0.09845080971717834, 0.09469178318977356, 0.11627703160047531, 0.0611296221613884, 0.04572349041700363]",54.25643062591553
20,13,"[0.029768722131848335, 0.01751488260924816, 0.0189298614859581, 0.016072947531938553, 0.015459452755749226, 0.012644117698073387, 0.013882719911634922, 0.01177616324275732, 0.01035555824637413, 0.014669515192508698]","[0.01774377003312111, 0.006931259762495756, 0.015620822086930275, 0.017153866589069366, 0.011322764679789543, 0.012499433942139149, 0.0033058191183954477, 0.007447411306202412, 0.0045448592863976955, 0.003148461692035198]","[0.1388879418373108, 0.11031127721071243, 0.11219514906406403, 0.10443156957626343, 0.09841179102659225, 0.09045625478029251, 0.09230869263410568, 0.089546799659729, 0.08169872313737869, 0.09723178297281265]","[0.12152113020420074, 0.06798593699932098, 0.11119728535413742, 0.11678065359592438, 0.09115522354841232, 0.09604987502098083, 0.04534294828772545, 0.07174535095691681, 0.05644208565354347, 0.04536937549710274]",54.026612520217896
20,14,"[0.041354209184646606, 0.02631468139588833, 0.019412502646446228, 0.016191134229302406, 0.01615438051521778, 0.014254317618906498, 0.012249894440174103, 0.01686583273112774, 0.011300824582576752, 0.013544302433729172]","[0.007332059554755688, 0.012770258821547031, 0.014490900561213493, 0.010759503580629826, 0.014145066030323505, 0.007626603357493877, 0.019836291670799255, 0.004397479817271233, 0.00882770586758852, 0.030432436615228653]","[0.16065016388893127, 0.13215020298957825, 0.11576661467552185, 0.10469155013561249, 0.10625170171260834, 0.09555079787969589, 0.09040700644254684, 0.10612243413925171, 0.08697643876075745, 0.09317478537559509]","[0.06984684616327286, 0.09953222423791885, 0.10666272044181824, 0.08818292617797852, 0.10426092147827148, 0.07201461493968964, 0.12691599130630493, 0.05527692660689354, 0.07843107730150223, 0.16320523619651794]",58.276246547698975
20,15,"[0.03928511589765549, 0.01821853592991829, 0.019140109419822693, 0.016013557091355324, 0.016796639189124107, 0.01424279436469078, 0.013841713778674603, 0.01367643941193819, 0.01206987351179123, 0.013436198234558105]","[0.01233910582959652, 0.02914132922887802, 0.008588734082877636, 0.01628044620156288, 0.018069230020046234, 0.003221942111849785, 0.007471476681530476, 0.010052911005914211, 0.008210032247006893, 0.0053108008578419685]","[0.1597723662853241, 0.10784871876239777, 0.11026289314031601, 0.10270801186561584, 0.1036018431186676, 0.09818460792303085, 0.09880251437425613, 0.09602729231119156, 0.08875598013401031, 0.08903474360704422]","[0.098211869597435, 0.1613895446062088, 0.07848843932151794, 0.11536630988121033, 0.1229703426361084, 0.044298384338617325, 0.07135368138551712, 0.08501999825239182, 0.07737594097852707, 0.06134635955095291]",56.63393521308899
20,16,"[0.03628701716661453, 0.024240201339125633, 0.0186257716268301, 0.01998455822467804, 0.015083433128893375, 0.01404638309031725, 0.0116930166259408, 0.011113906279206276, 0.0137551324442029, 0.013812211342155933]","[0.04601036757230759, 0.013171153143048286, 0.0028984725940972567, 0.010047121904790401, 0.006777562666684389, 0.0038990064058452845, 0.005337124690413475, 0.00912480615079403, 0.00601848354563117, 0.008546843193471432]","[0.15402770042419434, 0.12101473659276962, 0.10463888198137283, 0.11922671645879745, 0.1017662063241005, 0.09714388847351074, 0.08655539900064468, 0.08219339698553085, 0.09372291713953018, 0.09596126526594162]","[0.20714963972568512, 0.10094891488552094, 0.0401095375418663, 0.08514320105314255, 0.06760935485363007, 0.050832293927669525, 0.059851132333278656, 0.08054772019386292, 0.06479223817586899, 0.0769955962896347]",59.58488988876343
20,17,"[0.03878027945756912, 0.018596088513731956, 0.018554817885160446, 0.01589980535209179, 0.011631586588919163, 0.012757391668856144, 0.013000219129025936, 0.011917440220713615, 0.01133918296545744, 0.01272429060190916]","[0.011985857039690018, 0.004161293618381023, 0.005276696756482124, 0.011246513575315475, 0.009867163375020027, 0.012867853976786137, 0.006516179535537958, 0.016377044841647148, 0.006752498913556337, 0.005245874170213938]","[0.15712356567382812, 0.1083139181137085, 0.11383667588233948, 0.10619593411684036, 0.08822687715291977, 0.09428006410598755, 0.0916765034198761, 0.08689732104539871, 0.08286134153604507, 0.08729507029056549]","[0.09521739184856415, 0.04924662411212921, 0.05719410255551338, 0.09064417332410812, 0.084077849984169, 0.09759178012609482, 0.066448874771595, 0.11352706700563431, 0.0681297555565834, 0.06055698171257973]",60.95335531234741
20,18,"[0.039251938462257385, 0.022451328113675117, 0.01906750537455082, 0.014791392721235752, 0.015200450085103512, 0.013337857089936733, 0.012184308841824532, 0.014050888828933239, 0.010587494820356369, 0.010898611508309841]","[0.005282605066895485, 0.007558559067547321, 0.005318859592080116, 0.003838609205558896, 0.017834816128015518, 0.004308339674025774, 0.009518053382635117, 0.005495866760611534, 0.0048192390240728855, 0.006859408691525459]","[0.1544373482465744, 0.11817451566457748, 0.10837492346763611, 0.09574494510889053, 0.10016549378633499, 0.09576981514692307, 0.09085103124380112, 0.09883365035057068, 0.08171003311872482, 0.08603155612945557]","[0.057765569537878036, 0.07222277671098709, 0.05819337069988251, 0.04887180030345917, 0.12085303664207458, 0.0543227344751358, 0.08203963935375214, 0.06259297579526901, 0.058232858777046204, 0.06871797889471054]",58.522194623947144
20,19,"[0.041474711149930954, 0.02138916775584221, 0.017931165173649788, 0.015731630846858025, 0.01809963956475258, 0.015135479159653187, 0.014105956070125103, 0.011875714175403118, 0.011822391301393509, 0.011014153249561787]","[0.019240248948335648, 0.006856690160930157, 0.007721602451056242, 0.007354820612818003, 0.009563589468598366, 0.01059412769973278, 0.039178915321826935, 0.004049960523843765, 0.004447248764336109, 0.006753318943083286]","[0.16267171502113342, 0.1150311753153801, 0.10739591717720032, 0.10218475759029388, 0.10768622159957886, 0.09924239665269852, 0.09435035288333893, 0.09023991972208023, 0.08943527191877365, 0.0840383917093277]","[0.1280810534954071, 0.06782495975494385, 0.07278799265623093, 0.07108312100172043, 0.08344286680221558, 0.08842256665229797, 0.19008594751358032, 0.055211979895830154, 0.05688166618347168, 0.0691145807504654]",57.23416519165039
30,0,"[0.0349891260266304, 0.018421344459056854, 0.014991477131843567, 0.013715732842683792, 0.014867122285068035, 0.011362822726368904, 0.011608784087002277, 0.010117556899785995, 0.013226554729044437, 0.010800274088978767]","[0.022377077490091324, 0.005482042208313942, 0.01986454240977764, 0.030304770916700363, 0.008123964071273804, 0.010920820757746696, 0.007379579823464155, 0.008130735717713833, 0.0043136547319591045, 0.013792426325380802]","[0.1501273214817047, 0.10925731062889099, 0.09859593212604523, 0.09569346159696579, 0.09953086078166962, 0.08608158677816391, 0.08648655563592911, 0.08124464005231857, 0.09227172285318375, 0.08282605558633804]","[0.138710156083107, 0.05896097049117088, 0.12807968258857727, 0.16405293345451355, 0.07435600459575653, 0.08837930858135223, 0.07201355695724487, 0.07693526893854141, 0.05373825877904892, 0.10032758861780167]",75.80591249465942
30,1,"[0.03700951486825943, 0.016353685408830643, 0.01396854966878891, 0.013615748845040798, 0.014496776275336742, 0.015796653926372528, 0.010339180938899517, 0.012690446339547634, 0.012432937510311604, 0.012514251284301281]","[0.015833765268325806, 0.014586716890335083, 0.012202509678900242, 0.003886173013597727, 0.006297263316810131, 0.005186568945646286, 0.0066726114600896835, 0.014746182598173618, 0.02205674722790718, 0.0050990525633096695]","[0.1497216820716858, 0.10461404174566269, 0.09460567682981491, 0.0938456580042839, 0.09412810206413269, 0.10287299752235413, 0.08336466550827026, 0.08967335522174835, 0.09020079672336578, 0.08804187178611755]","[0.11328282207250595, 0.10551580786705017, 0.0951647087931633, 0.04997389763593674, 0.06655253469944, 0.05755520612001419, 0.06801461428403854, 0.10547179728746414, 0.13451991975307465, 0.058459118008613586]",74.47431945800781
30,2,"[0.04146778583526611, 0.017626963555812836, 0.016522126272320747, 0.013348275795578957, 0.012293647974729538, 0.015027763321995735, 0.012104347348213196, 0.010003344155848026, 0.012239518575370312, 0.009689330123364925]","[0.009069668129086494, 0.010743699036538601, 0.027445809915661812, 0.011650271713733673, 0.016569675877690315, 0.006111478433012962, 0.017906585708260536, 0.005129425320774317, 0.004840633366256952, 0.005254887975752354]","[0.16213519871234894, 0.10756292939186096, 0.10590190440416336, 0.09440924972295761, 0.0908130630850792, 0.09956282377243042, 0.08940340578556061, 0.0846027210354805, 0.08824781328439713, 0.07944454252719879]","[0.0805036872625351, 0.08904813975095749, 0.15597109496593475, 0.0925883948802948, 0.11432140320539474, 0.064933642745018, 0.12094369530677795, 0.05751708149909973, 0.05764567106962204, 0.05807352438569069]",75.31288003921509
30,3,"[0.032484009861946106, 0.01915271393954754, 0.015780368819832802, 0.014097221195697784, 0.01394632924348116, 0.011610832065343857, 0.011239801533520222, 0.009207996539771557, 0.010366339236497879, 0.011065362952649593]","[0.005364487878978252, 0.013978105038404465, 0.01268420834094286, 0.002840337110683322, 0.009329763241112232, 0.015665952116250992, 0.015356095507740974, 0.004473309963941574, 0.00855572335422039, 0.004011070355772972]","[0.13892190158367157, 0.1136079952120781, 0.1024763211607933, 0.09570401161909103, 0.09398772567510605, 0.08948303014039993, 0.09095016121864319, 0.07708369195461273, 0.08086705952882767, 0.08869381994009018]","[0.05861425772309303, 0.10435725748538971, 0.09846100956201553, 0.04171888902783394, 0.08094222098588943, 0.10960609465837479, 0.10938913375139236, 0.054744284600019455, 0.07674532383680344, 0.049928680062294006]",78.88626289367676
30,4,"[0.03895455226302147, 0.017432138323783875, 0.015396691858768463, 0.01619565859436989, 0.01398699451237917, 0.012210397981107235, 0.0108156967908144, 0.010838955640792847, 0.010747645050287247, 0.010790945030748844]","[0.005429170560091734, 0.033446766436100006, 0.003235616721212864, 0.008803852833807468, 0.030605535954236984, 0.0050597586669027805, 0.0034627586137503386, 0.004902743734419346, 0.007033754140138626, 0.0073393830098211765]","[0.15682344138622284, 0.10700670629739761, 0.09931577742099762, 0.09928473830223083, 0.09469310939311981, 0.09022215008735657, 0.08532613515853882, 0.08531476557254791, 0.08484845608472824, 0.08557471632957458]","[0.059681057929992676, 0.1745559424161911, 0.04590583220124245, 0.07805381715297699, 0.1656179130077362, 0.060155898332595825, 0.04733997955918312, 0.05791383609175682, 0.07008756697177887, 0.07102920114994049]",75.81620216369629
30,5,"[0.028524287045001984, 0.01869446597993374, 0.01344659086316824, 0.015157593414187431, 0.012987733818590641, 0.013117864727973938, 0.011431198567152023, 0.010885551571846008, 0.01013228204101324, 0.012942083179950714]","[0.012366825714707375, 0.025703230872750282, 0.00444096140563488, 0.013128899037837982, 0.006623922847211361, 0.018902679905295372, 0.004000579938292503, 0.004042870830744505, 0.013948589563369751, 0.006870845798403025]","[0.1363798826932907, 0.11410178244113922, 0.0919339582324028, 0.09474378824234009, 0.09172597527503967, 0.09232407063245773, 0.08346152305603027, 0.08672568202018738, 0.07933329045772552, 0.0920100137591362]","[0.09648473560810089, 0.14937907457351685, 0.05462063476443291, 0.09881685674190521, 0.06976363062858582, 0.12354803085327148, 0.052532512694597244, 0.05140625685453415, 0.10178788006305695, 0.06845110654830933]",74.74071025848389
30,6,"[0.0336875319480896, 0.01500395406037569, 0.015530032105743885, 0.01287923939526081, 0.014095074497163296, 0.012675963342189789, 0.012105610221624374, 0.011039729230105877, 0.00945421401411295, 0.009011441841721535]","[0.019316477701067924, 0.015906158834695816, 0.014994635246694088, 0.012226135469973087, 0.01318941731005907, 0.004805171862244606, 0.0037699854001402855, 0.006638191174715757, 0.014519165270030499, 0.004821350332349539]","[0.1430046260356903, 0.09345787763595581, 0.10433878004550934, 0.09293221682310104, 0.0937163308262825, 0.09041343629360199, 0.08683750778436661, 0.08734667301177979, 0.0813889428973198, 0.0793299749493599]","[0.12773655354976654, 0.1131591945886612, 0.10929854214191437, 0.09515338391065598, 0.09927462786436081, 0.056891944259405136, 0.049599502235651016, 0.07044903934001923, 0.10538632422685623, 0.05722634866833687]",73.73509550094604
30,7,"[0.02956581488251686, 0.01836196891963482, 0.013341477140784264, 0.017855757847428322, 0.012549052014946938, 0.01394851878285408, 0.010764220729470253, 0.01267318893224001, 0.010890018194913864, 0.011502067558467388]","[0.005385303404182196, 0.004320954438298941, 0.005727897863835096, 0.012289959006011486, 0.005277300253510475, 0.007358706556260586, 0.00742421206086874, 0.004638665821403265, 0.004005127586424351, 0.010758253745734692]","[0.1359415501356125, 0.10918540507555008, 0.09692401438951492, 0.10616302490234375, 0.09194935113191605, 0.0929209515452385, 0.08512026071548462, 0.09038764238357544, 0.08398860692977905, 0.08769255876541138]","[0.0580928772687912, 0.051205847412347794, 0.061639390885829926, 0.09510122239589691, 0.06133870407938957, 0.07116350531578064, 0.07197313010692596, 0.05584116652607918, 0.05122719705104828, 0.08736535906791687]",76.39215016365051
30,8,"[0.02936803176999092, 0.019838735461235046, 0.014145687222480774, 0.017860693857073784, 0.01465088315308094, 0.014498965814709663, 0.012067840434610844, 0.01110069453716278, 0.010490982793271542, 0.011203932575881481]","[0.025697680190205574, 0.031646158546209335, 0.017187995836138725, 0.010937687940895557, 0.006051329895853996, 0.003676303429529071, 0.018030669540166855, 0.0036576201673597097, 0.004521629773080349, 0.0061284932307899]","[0.132860466837883, 0.11325409263372421, 0.0972573384642601, 0.1079622283577919, 0.09843051433563232, 0.09746742993593216, 0.08659213781356812, 0.08631698042154312, 0.07983431220054626, 0.08719203621149063]","[0.14997419714927673, 0.16740812361240387, 0.11597557365894318, 0.08926913142204285, 0.06526961922645569, 0.04863568767905235, 0.11887317895889282, 0.048478998243808746, 0.054434314370155334, 0.06438188254833221]",81.22890853881836
30,9,"[0.03400751203298569, 0.015578296035528183, 0.014638369902968407, 0.015165106393396854, 0.016921352595090866, 0.015858836472034454, 0.012417951598763466, 0.011056981980800629, 0.010459198616445065, 0.008916101418435574]","[0.01043757889419794, 0.008224155753850937, 0.011075468733906746, 0.0036647054366767406, 0.01271632220596075, 0.0114431856200099, 0.013987203128635883, 0.00683419406414032, 0.006766935344785452, 0.003917898517102003]","[0.14344748854637146, 0.10152729600667953, 0.09890564531087875, 0.10202113538980484, 0.10301743447780609, 0.09781818091869354, 0.09071481227874756, 0.08018402010202408, 0.08366411924362183, 0.0791037306189537]","[0.08724233508110046, 0.07590357214212418, 0.0898706316947937, 0.049866605550050735, 0.09643618762493134, 0.0913693979382515, 0.10210267454385757, 0.06993374228477478, 0.068532295525074, 0.051060065627098083]",87.13598966598511
30,10,"[0.03481346368789673, 0.02034154161810875, 0.015980349853634834, 0.014654604718089104, 0.014595121145248413, 0.014259927906095982, 0.011752716265618801, 0.009345120750367641, 0.011063351295888424, 0.008695906028151512]","[0.014123943634331226, 0.022329408675432205, 0.017310062423348427, 0.027703437954187393, 0.03400815278291702, 0.011472715996205807, 0.014578022062778473, 0.01948797143995762, 0.004343114327639341, 0.0077472771517932415]","[0.1443306803703308, 0.1174260675907135, 0.09900129586458206, 0.09652390331029892, 0.09741655737161636, 0.0925440564751625, 0.08572935312986374, 0.07957634329795837, 0.0829974114894867, 0.07669549435377121]","[0.10450197011232376, 0.13800585269927979, 0.11841943114995956, 0.15593518316745758, 0.17431870102882385, 0.09040790796279907, 0.10397302359342575, 0.12412668764591217, 0.05385851860046387, 0.07242882996797562]",79.21732330322266
30,11,"[0.02833009697496891, 0.01682622916996479, 0.013587288558483124, 0.015771880745887756, 0.011754333041608334, 0.011863308027386665, 0.013008151203393936, 0.011764004826545715, 0.011579704470932484, 0.011203180998563766]","[0.01174690667539835, 0.025786355137825012, 0.00428220396861434, 0.011680494993925095, 0.012321356683969498, 0.003387987380847335, 0.0060959747061133385, 0.005657667759805918, 0.004529856611043215, 0.00619867816567421]","[0.13730396330356598, 0.10075119882822037, 0.0935780331492424, 0.10157408565282822, 0.09101466834545135, 0.08771713823080063, 0.09233123809099197, 0.09196766465902328, 0.08860308676958084, 0.08609854429960251]","[0.09441770613193512, 0.1514148712158203, 0.05355863273143768, 0.09224604070186615, 0.09570947289466858, 0.047863155603408813, 0.0647968202829361, 0.06275542080402374, 0.055224139243364334, 0.06543491780757904]",80.47866320610046
30,12,"[0.031175147742033005, 0.020552953705191612, 0.015499995090067387, 0.012681272812187672, 0.01196363102644682, 0.011777064763009548, 0.01502275187522173, 0.009439507499337196, 0.008562964387238026, 0.009885767474770546]","[0.007857747375965118, 0.013983665965497494, 0.0037684012204408646, 0.006256196182221174, 0.02031986601650715, 0.005431275814771652, 0.003918458241969347, 0.007097417954355478, 0.012372166849672794, 0.00709585240110755]","[0.13973496854305267, 0.11390796303749084, 0.10174344480037689, 0.08708203583955765, 0.08947015553712845, 0.08912359178066254, 0.09683918207883835, 0.07768386602401733, 0.07458516955375671, 0.08195839077234268]","[0.07411366701126099, 0.1044050082564354, 0.04923494532704353, 0.06515701115131378, 0.1295962929725647, 0.061080291867256165, 0.04957542568445206, 0.06903987377882004, 0.09298913180828094, 0.068531334400177]",80.0436007976532
30,13,"[0.032267507165670395, 0.018395651131868362, 0.014473876915872097, 0.01679539866745472, 0.013822042383253574, 0.014470153488218784, 0.009917506948113441, 0.0105140944942832, 0.011049788445234299, 0.010045035742223263]","[0.01229233667254448, 0.024920541793107986, 0.0037305247969925404, 0.01995941437780857, 0.005486071575433016, 0.007233154959976673, 0.005295196548104286, 0.007358524017035961, 0.006893137935549021, 0.004034260753542185]","[0.14397956430912018, 0.10596031695604324, 0.0993177592754364, 0.10772816836833954, 0.09088627994060516, 0.09526551514863968, 0.0806007832288742, 0.08640898764133453, 0.08479609340429306, 0.07948590070009232]","[0.09623216837644577, 0.1464792937040329, 0.04995798319578171, 0.12903322279453278, 0.06072867289185524, 0.07045692205429077, 0.05928331986069679, 0.06893839687108994, 0.06880249828100204, 0.0497470386326313]",75.409738779068
30,14,"[0.03221239894628525, 0.01615125685930252, 0.020371299237012863, 0.013672624714672565, 0.011194931343197823, 0.012674682773649693, 0.011165449395775795, 0.011931472457945347, 0.010462610051035881, 0.011589225381612778]","[0.007283112499862909, 0.04537570849061012, 0.0177573524415493, 0.008707775734364986, 0.015171646140515804, 0.016156625002622604, 0.004420246463268995, 0.006551559083163738, 0.0039532543160021305, 0.0035923030227422714]","[0.1477726250886917, 0.10043366253376007, 0.11223091930150986, 0.09649072587490082, 0.0843663364648819, 0.0898115262389183, 0.08435892313718796, 0.08852606266736984, 0.08489689975976944, 0.0846010148525238]","[0.07072112709283829, 0.20557531714439392, 0.12091189622879028, 0.07762161642313004, 0.10794699937105179, 0.11306483298540115, 0.05562722310423851, 0.06721679866313934, 0.05049563944339752, 0.047890257090330124]",60.69364666938782
30,15,"[0.031118139624595642, 0.019005166366696358, 0.014862940646708012, 0.012008794583380222, 0.01557194720953703, 0.013432405889034271, 0.012608161196112633, 0.010384520515799522, 0.012521353550255299, 0.01064804196357727]","[0.05177520960569382, 0.017444565892219543, 0.016494788229465485, 0.003168344497680664, 0.024618718773126602, 0.0034168395213782787, 0.0049649737775325775, 0.004207146354019642, 0.021739894524216652, 0.009328934364020824]","[0.1368601769208908, 0.11311237514019012, 0.09912369400262833, 0.09058783203363419, 0.10192827880382538, 0.09168525040149689, 0.09266845881938934, 0.08370162546634674, 0.0935063436627388, 0.08129972964525223]","[0.22082017362117767, 0.12000691145658493, 0.11465399712324142, 0.04442911222577095, 0.1459261178970337, 0.046312473714351654, 0.05988794192671776, 0.053206849843263626, 0.1351168006658554, 0.08158475160598755]",60.03931474685669
30,16,"[0.029297055676579475, 0.01753266155719757, 0.016071496531367302, 0.01406891830265522, 0.01228361576795578, 0.011316989548504353, 0.00954177975654602, 0.01066903118044138, 0.011109918355941772, 0.009371018037199974]","[0.013597819954156876, 0.0033173479605466127, 0.005842874757945538, 0.005058545619249344, 0.003664156189188361, 0.004836034495383501, 0.007403320632874966, 0.009482298046350479, 0.00922091118991375, 0.004130792338401079]","[0.13701410591602325, 0.10690931230783463, 0.10605623573064804, 0.09750170260667801, 0.08992069214582443, 0.0878991037607193, 0.07659129053354263, 0.08626750856637955, 0.0848550945520401, 0.07783812284469604]","[0.10204051434993744, 0.043730709701776505, 0.06325528025627136, 0.05642329901456833, 0.048433687537908554, 0.058516014367341995, 0.07175812125205994, 0.08217700570821762, 0.08088301867246628, 0.05338604748249054]",67.21118879318237
30,17,"[0.034754104912281036, 0.0167862456291914, 0.016364634037017822, 0.013810191303491592, 0.012696144171059132, 0.012174434028565884, 0.012816089205443859, 0.011058949865400791, 0.010941566899418831, 0.01078125648200512]","[0.01552623137831688, 0.01386797334998846, 0.006651429925113916, 0.01566995680332184, 0.012053309008479118, 0.008895675651729107, 0.0053931414149701595, 0.003603150602430105, 0.00569553067907691, 0.003889968618750572]","[0.14389218389987946, 0.10778970271348953, 0.09940090775489807, 0.09278988093137741, 0.09357734769582748, 0.08836542069911957, 0.09038683027029037, 0.08534311503171921, 0.08622513711452484, 0.08327248692512512]","[0.11284516751766205, 0.10443355143070221, 0.06746990978717804, 0.11131790280342102, 0.0942372977733612, 0.0789053738117218, 0.0607231929898262, 0.04942534118890762, 0.06272997707128525, 0.05150926485657692]",77.89183163642883
30,18,"[0.03940557315945625, 0.017627030611038208, 0.016467440873384476, 0.012343919835984707, 0.012264412827789783, 0.011297821067273617, 0.011279508471488953, 0.013126404955983162, 0.013247834518551826, 0.011316869407892227]","[0.03288250043988228, 0.00989016517996788, 0.004242985974997282, 0.006343381479382515, 0.003918964881449938, 0.013035900890827179, 0.003933946136385202, 0.03700568526983261, 0.006198102608323097, 0.005214258562773466]","[0.15387848019599915, 0.10887592285871506, 0.10535506904125214, 0.09201033413410187, 0.08832774311304092, 0.08930200338363647, 0.08351873606443405, 0.08992263674736023, 0.09064202010631561, 0.08994384855031967]","[0.17211148142814636, 0.08444153517484665, 0.0525805726647377, 0.06545811891555786, 0.05106087028980255, 0.09854387491941452, 0.05105563998222351, 0.1822214275598526, 0.06596851348876953, 0.058230336755514145]",76.7510302066803
30,19,"[0.04259026423096657, 0.016628030687570572, 0.015248330309987068, 0.015813959762454033, 0.0164780430495739, 0.011344082653522491, 0.01338889729231596, 0.011294784024357796, 0.009317430667579174, 0.009859556332230568]","[0.023659374564886093, 0.017557963728904724, 0.01946731097996235, 0.01889117620885372, 0.007153530605137348, 0.0071273972280323505, 0.003678050823509693, 0.006185469217598438, 0.006535866763442755, 0.005020550452172756]","[0.15785907208919525, 0.10138291865587234, 0.1002192422747612, 0.09984613209962845, 0.10321177542209625, 0.08707907050848007, 0.09143929183483124, 0.08631125837564468, 0.0767362117767334, 0.07505077868700027]","[0.1437418907880783, 0.12002428621053696, 0.1265934407711029, 0.12366883456707001, 0.06985165178775787, 0.06903845816850662, 0.04997413232922554, 0.06719300895929337, 0.06716833263635635, 0.058252908289432526]",78.01762318611145
