#mode,#try,loss,val_loss,mae,val_mae,train_time
single,0,"[0.07760690897703171, 0.03759517893195152, 0.03864135220646858, 0.024685807526111603, 0.024170948192477226]","[0.030455507338047028, 0.03142401948571205, 0.014147389680147171, 0.008299501612782478, 0.01581127941608429]","[0.21672308444976807, 0.15416912734508514, 0.1554461419582367, 0.12196028232574463, 0.12772099673748016]","[0.16713584959506989, 0.1698046326637268, 0.1079990416765213, 0.07732528448104858, 0.11530350148677826]",18.221054077148438
single,1,"[0.0728120282292366, 0.03713025152683258, 0.034154944121837616, 0.026777483522892, 0.022863073274493217]","[0.04277933016419411, 0.02420148439705372, 0.0057879118248820305, 0.009250403381884098, 0.005204122979193926]","[0.22224865853786469, 0.15241554379463196, 0.14863327145576477, 0.13124004006385803, 0.11813147366046906]","[0.2000473141670227, 0.1464546024799347, 0.06055846065282822, 0.08162794262170792, 0.0572819784283638]",18.201111316680908
single,2,"[0.06682269275188446, 0.0350155308842659, 0.02789764106273651, 0.02498834766447544, 0.023259302601218224]","[0.06202732026576996, 0.024949993938207626, 0.02028690092265606, 0.010199913755059242, 0.023171788081526756]","[0.20206479728221893, 0.1521579772233963, 0.12929792702198029, 0.1243663877248764, 0.12342508882284164]","[0.24270354211330414, 0.14793352782726288, 0.13106629252433777, 0.08555717021226883, 0.14097632467746735]",18.379634618759155
single,3,"[0.04358246922492981, 0.03056403249502182, 0.021969683468341827, 0.020102104172110558, 0.020222891122102737]","[0.02076965570449829, 0.004389336332678795, 0.006479023024439812, 0.01890893280506134, 0.004884210415184498]","[0.16448168456554413, 0.1352674812078476, 0.12027405202388763, 0.11181646585464478, 0.11276129633188248]","[0.1336444467306137, 0.050815191119909286, 0.0651138499379158, 0.12516188621520996, 0.05418209359049797]",18.266549825668335
single,4,"[0.07395778596401215, 0.03401963785290718, 0.026828844100236893, 0.02208956517279148, 0.021630272269248962]","[0.02462141029536724, 0.049414124339818954, 0.020386122167110443, 0.006885715760290623, 0.010648244991898537]","[0.2110385000705719, 0.1484217792749405, 0.13213646411895752, 0.11944927275180817, 0.11583377420902252]","[0.14799144864082336, 0.21554973721504211, 0.13254733383655548, 0.06758245825767517, 0.08874440938234329]",18.16646432876587
single,5,"[0.05828053876757622, 0.03168513625860214, 0.03407561779022217, 0.022343454882502556, 0.02173493430018425]","[0.01950540579855442, 0.030055411159992218, 0.011897919699549675, 0.011163614690303802, 0.0075858961790800095]","[0.18860778212547302, 0.13680218160152435, 0.1483754813671112, 0.1191907450556755, 0.12008825689554214]","[0.12904663383960724, 0.1640375554561615, 0.09432549774646759, 0.08993972837924957, 0.07182781398296356]",18.63414216041565
single,6,"[0.06206817924976349, 0.03641565889120102, 0.024207517504692078, 0.026891864836215973, 0.018891695886850357]","[0.04078930988907814, 0.03785581514239311, 0.01136800553649664, 0.018384329974651337, 0.01496074814349413]","[0.19727566838264465, 0.15983204543590546, 0.13013014197349548, 0.13580070436000824, 0.11196104437112808]","[0.19535298645496368, 0.18739698827266693, 0.09387718886137009, 0.1261882781982422, 0.11206896603107452]",18.129833221435547
single,7,"[0.07087723910808563, 0.03534543886780739, 0.03317442536354065, 0.02924606017768383, 0.023908060044050217]","[0.03892282769083977, 0.05184473097324371, 0.00852940697222948, 0.005517890211194754, 0.00788908638060093]","[0.2207089513540268, 0.1561773121356964, 0.14878100156784058, 0.14073683321475983, 0.12135840952396393]","[0.18932469189167023, 0.22019009292125702, 0.07526666671037674, 0.05734802037477493, 0.07253594696521759]",18.902989625930786
single,8,"[0.06714043021202087, 0.03243991360068321, 0.03076533041894436, 0.03424523025751114, 0.01905771717429161]","[0.012054133228957653, 0.012230164371430874, 0.010614627972245216, 0.03227512538433075, 0.013860870152711868]","[0.20163895189762115, 0.1452932506799698, 0.141199991106987, 0.14526326954364777, 0.1104678213596344]","[0.09812796860933304, 0.09930549561977386, 0.09152397513389587, 0.17292462289333344, 0.10771846026182175]",18.409804582595825
single,9,"[0.04902587831020355, 0.030431417748332024, 0.02826220542192459, 0.025730673223733902, 0.021796993911266327]","[0.016952667385339737, 0.009360660798847675, 0.004640067927539349, 0.008287971839308739, 0.013659884221851826]","[0.18110643327236176, 0.1388557255268097, 0.13209182024002075, 0.13038712739944458, 0.11863308399915695]","[0.1197948157787323, 0.08310402929782867, 0.053400374948978424, 0.07660599052906036, 0.10496103018522263]",18.9461567401886
single,10,"[0.04958223178982735, 0.02795270085334778, 0.025957202538847923, 0.019671989604830742, 0.02121693454682827]","[0.01639908365905285, 0.01631748490035534, 0.015127573162317276, 0.01805512234568596, 0.01917146146297455]","[0.18740451335906982, 0.13746467232704163, 0.12834371626377106, 0.11079615354537964, 0.11901963502168655]","[0.11789251118898392, 0.11814085394144058, 0.1130506843328476, 0.12514975666999817, 0.12953445315361023]",18.543603897094727
single,11,"[0.06057307496666908, 0.03227929025888443, 0.027655644342303276, 0.02912149578332901, 0.02447132021188736]","[0.037949301302433014, 0.02113962732255459, 0.009305058047175407, 0.007415941450744867, 0.008792983368039131]","[0.2019028216600418, 0.14569485187530518, 0.1308286190032959, 0.1359100043773651, 0.12417970597743988]","[0.18731895089149475, 0.13517345488071442, 0.08111915737390518, 0.07036974281072617, 0.07821931689977646]",23.708590745925903
single,12,"[0.046102579683065414, 0.027220524847507477, 0.026987580582499504, 0.02310185134410858, 0.019647369161248207]","[0.009437045082449913, 0.029138285666704178, 0.011997180990874767, 0.027964884415268898, 0.017271552234888077]","[0.17043620347976685, 0.1320190578699112, 0.1331995278596878, 0.11750014126300812, 0.11144847422838211]","[0.08354885876178741, 0.16203908622264862, 0.09518570452928543, 0.15670393407344818, 0.11783628165721893]",18.57521367073059
single,13,"[0.05187403783202171, 0.03559154272079468, 0.022990697994828224, 0.028410349041223526, 0.023115135729312897]","[0.03392890840768814, 0.02348671667277813, 0.037096910178661346, 0.015749456360936165, 0.01620594412088394]","[0.18255199491977692, 0.1576830893754959, 0.11480090767145157, 0.136832132935524, 0.1207660585641861]","[0.1757359355688095, 0.14210832118988037, 0.18243201076984406, 0.10987959802150726, 0.1111525446176529]",19.011960744857788
single,14,"[0.05195334553718567, 0.030861463397741318, 0.022203583270311356, 0.024305159226059914, 0.02065489999949932]","[0.05424081161618233, 0.0172184519469738, 0.010953542776405811, 0.02347441576421261, 0.011067050509154797]","[0.17992910742759705, 0.1442950814962387, 0.12117990851402283, 0.12440022826194763, 0.11606922745704651]","[0.22686335444450378, 0.12096884101629257, 0.09192601591348648, 0.14460711181163788, 0.09207279235124588]",19.35555338859558
single,15,"[0.06704108417034149, 0.03579668700695038, 0.026439815759658813, 0.02867305465042591, 0.02183060348033905]","[0.028695616871118546, 0.0236713457852602, 0.024824127554893494, 0.008642149157822132, 0.013099833391606808]","[0.19916322827339172, 0.15343117713928223, 0.13005967438220978, 0.14152105152606964, 0.11776179820299149]","[0.16101260483264923, 0.14410434663295746, 0.14761655032634735, 0.0768173560500145, 0.10008319467306137]",18.60999345779419
single,16,"[0.03946489468216896, 0.030092157423496246, 0.026632748544216156, 0.02170032076537609, 0.020502615720033646]","[0.016768954694271088, 0.009412533603608608, 0.012185007333755493, 0.020643014460802078, 0.006794983986765146]","[0.15633940696716309, 0.14188368618488312, 0.12579627335071564, 0.11949409544467926, 0.11405917257070541]","[0.117502361536026, 0.08146042376756668, 0.09586923569440842, 0.1321924328804016, 0.06709294021129608]",19.285616636276245
single,17,"[0.05315452069044113, 0.0326736643910408, 0.029932226985692978, 0.021041076630353928, 0.022097542881965637]","[0.026948802173137665, 0.011177483014762402, 0.01260779332369566, 0.01999220997095108, 0.037559665739536285]","[0.1808507740497589, 0.1475004404783249, 0.13594183325767517, 0.1157970055937767, 0.12158147990703583]","[0.15568599104881287, 0.09231157600879669, 0.09986377507448196, 0.1317712366580963, 0.1867903172969818]",18.4797682762146
single,18,"[0.07387591153383255, 0.036528490483760834, 0.03290495276451111, 0.02947162091732025, 0.019200045615434647]","[0.016646701842546463, 0.010616838932037354, 0.004370037000626326, 0.003237261902540922, 0.0035493874456733465]","[0.2065173238515854, 0.1471269726753235, 0.13787436485290527, 0.13876669108867645, 0.1061665490269661]","[0.11817143112421036, 0.09073963016271591, 0.052275650203228, 0.0438925139605999, 0.046194080263376236]",19.21552300453186
single,19,"[0.05542593449354172, 0.03246831148862839, 0.024563023820519447, 0.02608446404337883, 0.023059647530317307]","[0.016451291739940643, 0.013052244670689106, 0.0196462981402874, 0.03919894993305206, 0.01618976891040802]","[0.17984236776828766, 0.14539667963981628, 0.12682312726974487, 0.12745612859725952, 0.11708018183708191]","[0.11977483332157135, 0.10562871396541595, 0.1327771246433258, 0.1925860494375229, 0.11891251057386398]",23.73916006088257
single,20,"[0.05898171663284302, 0.03733852133154869, 0.03396232798695564, 0.024018751457333565, 0.02699940651655197]","[0.06040648743510246, 0.01528254710137844, 0.017807435244321823, 0.012115311808884144, 0.015488502569496632]","[0.19560028612613678, 0.15137095749378204, 0.14937403798103333, 0.12301798909902573, 0.1304268091917038]","[0.2395116239786148, 0.11145073175430298, 0.12204007804393768, 0.09613417834043503, 0.11249026656150818]",19.638233423233032
single,21,"[0.06977090239524841, 0.026611020788550377, 0.02821553684771061, 0.02030237950384617, 0.024072866886854172]","[0.023001519963145256, 0.019462186843156815, 0.015829268842935562, 0.01606084033846855, 0.019595108926296234]","[0.21091610193252563, 0.13715341687202454, 0.13322465121746063, 0.11544698476791382, 0.1254790872335434]","[0.14376066625118256, 0.13105590641498566, 0.11631650477647781, 0.11754411458969116, 0.1318005919456482]",23.83651304244995
single,22,"[0.03807790204882622, 0.026786554604768753, 0.023693779483437538, 0.025423811748623848, 0.019832154735922813]","[0.0202200748026371, 0.011177399195730686, 0.029669517651200294, 0.009211855009198189, 0.009306184016168118]","[0.15946874022483826, 0.13489528000354767, 0.12587670981884003, 0.12692342698574066, 0.1185404360294342]","[0.13124121725559235, 0.0906810462474823, 0.1624637097120285, 0.08045576512813568, 0.08071273565292358]",23.68863296508789
single,23,"[0.05175265297293663, 0.03515058383345604, 0.030484240502119064, 0.02518739178776741, 0.021415896713733673]","[0.04534832760691643, 0.016125543043017387, 0.009536465629935265, 0.004325621761381626, 0.015886729583144188]","[0.18429191410541534, 0.15293404459953308, 0.13766343891620636, 0.12790650129318237, 0.11433762311935425]","[0.20617027580738068, 0.11566196382045746, 0.08408746868371964, 0.051507193595170975, 0.11594182252883911]",19.570791959762573
single,24,"[0.06136227399110794, 0.04045968875288963, 0.03287573158740997, 0.02668916806578636, 0.02195858396589756]","[0.055162787437438965, 0.011002203449606895, 0.0106287132948637, 0.010290293022990227, 0.005857985466718674]","[0.18254245817661285, 0.1576838493347168, 0.14067983627319336, 0.13014651834964752, 0.12165229022502899]","[0.22850589454174042, 0.09127740561962128, 0.0890057310461998, 0.0871826633810997, 0.06195055693387985]",18.500059843063354
single,25,"[0.06529559195041656, 0.0336960144340992, 0.023621652275323868, 0.02625531703233719, 0.0192011296749115]","[0.04055901616811752, 0.030507618561387062, 0.007603767793625593, 0.027676397934556007, 0.011456669308245182]","[0.18809787929058075, 0.1471889466047287, 0.12320169061422348, 0.1309881955385208, 0.1079474613070488]","[0.194559708237648, 0.16676661372184753, 0.07211978733539581, 0.15788288414478302, 0.09380639344453812]",24.364136934280396
single,26,"[0.07313861697912216, 0.03256514295935631, 0.027889655902981758, 0.027717437595129013, 0.021430019289255142]","[0.014782550744712353, 0.01715034246444702, 0.014936721883714199, 0.018261253833770752, 0.013918669894337654]","[0.22435592114925385, 0.14530996978282928, 0.13942135870456696, 0.12735222280025482, 0.11903081089258194]","[0.11093056946992874, 0.12127630412578583, 0.11171025037765503, 0.12539710104465485, 0.10650550574064255]",23.794604539871216
single,27,"[0.058819398283958435, 0.028767505660653114, 0.02438707835972309, 0.020670777186751366, 0.026273205876350403]","[0.02639324963092804, 0.03607198968529701, 0.013581003993749619, 0.004499803297221661, 0.013337361626327038]","[0.19958025217056274, 0.1348981261253357, 0.12498122453689575, 0.11769315600395203, 0.13414426147937775]","[0.15368007123470306, 0.1824227273464203, 0.10433976352214813, 0.0521678626537323, 0.10261158645153046]",19.01453447341919
single,28,"[0.053700897842645645, 0.037581928074359894, 0.02704581804573536, 0.02586393989622593, 0.022690942510962486]","[0.018497448414564133, 0.022227996960282326, 0.03360139578580856, 0.01431963499635458, 0.014652817510068417]","[0.18424023687839508, 0.154213547706604, 0.1305222362279892, 0.12779809534549713, 0.11837519705295563]","[0.12756696343421936, 0.14204588532447815, 0.17776723206043243, 0.11130747944116592, 0.1126793697476387]",18.70926308631897
single,29,"[0.06739076226949692, 0.037540141493082047, 0.02676423080265522, 0.02922445721924305, 0.020807409659028053]","[0.054158952087163925, 0.03921310603618622, 0.020507480949163437, 0.015121829695999622, 0.02891361154615879]","[0.2079416662454605, 0.15676778554916382, 0.1328376680612564, 0.1403581202030182, 0.11613204330205917]","[0.226642906665802, 0.19104085862636566, 0.1338222622871399, 0.11186533421278, 0.1620129495859146]",19.492553234100342
single,30,"[0.0415288582444191, 0.03490602225065231, 0.020797427743673325, 0.027639951556921005, 0.024825021624565125]","[0.008230834268033504, 0.007716403808444738, 0.02087763324379921, 0.017268218100070953, 0.004653235897421837]","[0.1628231555223465, 0.14951758086681366, 0.11233964562416077, 0.1344538778066635, 0.12576599419116974]","[0.07536064833402634, 0.07209806144237518, 0.13305434584617615, 0.11848048865795135, 0.05229024961590767]",18.55424189567566
single,31,"[0.05777795612812042, 0.03755482658743858, 0.02941215969622135, 0.019733553752303123, 0.02110988460481167]","[0.06536057591438293, 0.013458826579153538, 0.02534622699022293, 0.0173165462911129, 0.024184899404644966]","[0.1913478821516037, 0.1496836543083191, 0.1420641839504242, 0.11198873072862625, 0.11915166676044464]","[0.2503068447113037, 0.10408980399370193, 0.1504909098148346, 0.12139692157506943, 0.14625297486782074]",23.710407733917236
single,32,"[0.05105728656053543, 0.03731934353709221, 0.026135876774787903, 0.026292314752936363, 0.021144729107618332]","[0.021823490038514137, 0.030338658019900322, 0.020311806350946426, 0.029390433803200722, 0.04298514500260353]","[0.18915289640426636, 0.15337328612804413, 0.12914641201496124, 0.13102267682552338, 0.11831451207399368]","[0.13887323439121246, 0.16681267321109772, 0.13287624716758728, 0.1629980206489563, 0.2002408802509308]",18.509923696517944
single,33,"[0.04738382622599602, 0.03149915114045143, 0.025689655914902687, 0.024655677378177643, 0.021343305706977844]","[0.04290979728102684, 0.02897302433848381, 0.006706536747515202, 0.025130711495876312, 0.015275025740265846]","[0.1741754412651062, 0.14702004194259644, 0.1261305809020996, 0.12170278280973434, 0.1209494024515152]","[0.20050892233848572, 0.16192626953125, 0.06581955403089523, 0.14911536872386932, 0.11125069856643677]",18.869718551635742
single,34,"[0.038712818175554276, 0.030323991551995277, 0.03581135347485542, 0.030635973438620567, 0.01981406658887863]","[0.061770569533109665, 0.005447830073535442, 0.025039341300725937, 0.01486838236451149, 0.014707338996231556]","[0.15751931071281433, 0.1392206847667694, 0.14316636323928833, 0.14158423244953156, 0.10878819227218628]","[0.2433820366859436, 0.05961279198527336, 0.15030537545681, 0.1115364283323288, 0.11030065268278122]",19.485938787460327
single,35,"[0.03969813510775566, 0.027064068242907524, 0.022774210199713707, 0.0289145614951849, 0.02304941788315773]","[0.05420567840337753, 0.026479091495275497, 0.022483104839920998, 0.03780953213572502, 0.025755438953638077]","[0.1589941531419754, 0.13562026619911194, 0.11972223967313766, 0.13293534517288208, 0.12075889110565186]","[0.2278696447610855, 0.1558007001876831, 0.1425648331642151, 0.18804295361042023, 0.153152734041214]",23.716963529586792
single,36,"[0.06251590698957443, 0.029242297634482384, 0.02495279349386692, 0.02342234179377556, 0.024822760373353958]","[0.018132317811250687, 0.021621787920594215, 0.011850413866341114, 0.0107136070728302, 0.005316148977726698]","[0.18929877877235413, 0.14691904187202454, 0.13111640512943268, 0.12461819499731064, 0.12698769569396973]","[0.12380842864513397, 0.1369680017232895, 0.09466587752103806, 0.08845444023609161, 0.05742942914366722]",19.49898099899292
single,37,"[0.05959690734744072, 0.03229352459311485, 0.026923278346657753, 0.019283024594187737, 0.02010001242160797]","[0.04098096862435341, 0.018198395147919655, 0.01551975216716528, 0.00923711247742176, 0.014859689399600029]","[0.19603084027767181, 0.14897915720939636, 0.13207660615444183, 0.11229894310235977, 0.11783626675605774]","[0.1955585479736328, 0.12482859194278717, 0.11378023773431778, 0.08222733438014984, 0.11069517582654953]",18.66013240814209
single,38,"[0.05051125958561897, 0.03015414997935295, 0.027853334322571754, 0.02174386754631996, 0.02136620506644249]","[0.026173656806349754, 0.02631765604019165, 0.01167517900466919, 0.00978750642389059, 0.013136280700564384]","[0.1725667119026184, 0.13853459060192108, 0.13581940531730652, 0.12026982009410858, 0.11589448899030685]","[0.152413472533226, 0.1525024175643921, 0.0934324786067009, 0.08309035003185272, 0.09976126998662949]",19.556432962417603
single,39,"[0.060460273176431656, 0.03521350026130676, 0.02948763035237789, 0.028886523097753525, 0.024778924882411957]","[0.028151851147413254, 0.010569563135504723, 0.01149544958025217, 0.014765338972210884, 0.027456479147076607]","[0.19270983338356018, 0.144510418176651, 0.14092522859573364, 0.13299888372421265, 0.12733787298202515]","[0.1595279425382614, 0.09079526364803314, 0.096335269510746, 0.11190304905176163, 0.15846583247184753]",18.978466272354126
single,40,"[0.04900180175900459, 0.0278234351426363, 0.01989181526005268, 0.019608890637755394, 0.017699865624308586]","[0.012910684570670128, 0.012874215841293335, 0.0037942593917250633, 0.004154342692345381, 0.004691710229963064]","[0.17197710275650024, 0.13224023580551147, 0.11392688006162643, 0.11413319408893585, 0.1087213009595871]","[0.10051187872886658, 0.09926927834749222, 0.04613093286752701, 0.04913691431283951, 0.05305594950914383]",18.71317148208618
single,41,"[0.03946761041879654, 0.030004920437932014, 0.02551853470504284, 0.020291388034820557, 0.020267991349101067]","[0.02467755414545536, 0.005230968818068504, 0.008817329071462154, 0.010892081074416637, 0.010325146839022636]","[0.15930989384651184, 0.14587758481502533, 0.12939554452896118, 0.11594218015670776, 0.11257024109363556]","[0.1474756896495819, 0.05695103108882904, 0.07917661964893341, 0.09038593620061874, 0.08759517967700958]",18.534751892089844
single,42,"[0.07023787498474121, 0.04004836454987526, 0.025881323963403702, 0.022178517654538155, 0.022367166355252266]","[0.02748926356434822, 0.03865605965256691, 0.013646773993968964, 0.03521920368075371, 0.010873265564441681]","[0.20911434292793274, 0.1619483083486557, 0.13077814877033234, 0.12150385230779648, 0.12114414572715759]","[0.1568194478750229, 0.18907469511032104, 0.1041293814778328, 0.17973735928535461, 0.09044254571199417]",23.90747332572937
single,43,"[0.0677303895354271, 0.03892805427312851, 0.0327409990131855, 0.02514142543077469, 0.02174532040953636]","[0.02950773760676384, 0.040675338357686996, 0.00955912470817566, 0.01452120952308178, 0.022201990708708763]","[0.20188355445861816, 0.15875819325447083, 0.14817316830158234, 0.12648680806159973, 0.11600657552480698]","[0.16455568373203278, 0.19557969272136688, 0.085246242582798, 0.11070627719163895, 0.1407242864370346]",19.451735496520996
single,44,"[0.05396152287721634, 0.029263518750667572, 0.025602180510759354, 0.023432275280356407, 0.021810313686728477]","[0.03609080612659454, 0.024324841797351837, 0.025076165795326233, 0.02064884454011917, 0.040031448006629944]","[0.18201081454753876, 0.14067165553569794, 0.12891551852226257, 0.1197112500667572, 0.11757159233093262]","[0.18379367887973785, 0.1485237181186676, 0.15143099427223206, 0.13605524599552155, 0.19428059458732605]",23.797049045562744
single,45,"[0.05346515402197838, 0.03387673944234848, 0.028750505298376083, 0.01991443894803524, 0.024705762043595314]","[0.015655385330319405, 0.007859614677727222, 0.005951979663223028, 0.0054501560516655445, 0.007782366126775742]","[0.190597802400589, 0.14931164681911469, 0.12951190769672394, 0.11313413828611374, 0.12380241602659225]","[0.11304410547018051, 0.07230740040540695, 0.06138046458363533, 0.05814584344625473, 0.07269797474145889]",19.4490487575531
single,46,"[0.06374341249465942, 0.0380186028778553, 0.027834739536046982, 0.025286592543125153, 0.024227892979979515]","[0.017159804701805115, 0.010497970506548882, 0.013946419581770897, 0.044239141047000885, 0.02584424987435341]","[0.20077256858348846, 0.16075651347637177, 0.13443878293037415, 0.1200098842382431, 0.12117957323789597]","[0.12088674306869507, 0.09003686904907227, 0.1079939752817154, 0.2053638994693756, 0.15377114713191986]",23.72332453727722
single,47,"[0.0374830886721611, 0.03086722642183304, 0.02148151956498623, 0.017716117203235626, 0.025094354525208473]","[0.029552508145570755, 0.022068923339247704, 0.023928025737404823, 0.02300763502717018, 0.02185092680156231]","[0.15393801033496857, 0.1394158899784088, 0.11645279824733734, 0.10706127434968948, 0.12917058169841766]","[0.16327375173568726, 0.13867555558681488, 0.1450297236442566, 0.14153818786144257, 0.1365947723388672]",19.63563632965088
single,48,"[0.05335744097828865, 0.028566550463438034, 0.02325318567454815, 0.02395801804959774, 0.021636690944433212]","[0.016857659444212914, 0.01940707303583622, 0.006774215493351221, 0.012636101804673672, 0.010346107184886932]","[0.1772221028804779, 0.1369032859802246, 0.12635226547718048, 0.12338285893201828, 0.11551801860332489]","[0.12040514498949051, 0.13041889667510986, 0.06819437444210052, 0.10082131624221802, 0.08854088187217712]",19.046027898788452
single,49,"[0.05131147429347038, 0.029593273997306824, 0.019093817099928856, 0.024945197626948357, 0.02221645787358284]","[0.015588385984301567, 0.010777503252029419, 0.020396482199430466, 0.004754258785396814, 0.005765272304415703]","[0.18367387354373932, 0.142650306224823, 0.11127181351184845, 0.12280593812465668, 0.117702916264534]","[0.11393338441848755, 0.09094428271055222, 0.1333208680152893, 0.05465265363454819, 0.06147842854261398]",18.48113203048706
single,50,"[0.046174246817827225, 0.026784993708133698, 0.02997128665447235, 0.023151172325015068, 0.023357121273875237]","[0.008350715972483158, 0.00876761693507433, 0.02238200232386589, 0.02155468612909317, 0.005615921225398779]","[0.1637357473373413, 0.12857334315776825, 0.1362524926662445, 0.12181782722473145, 0.12461867928504944]","[0.07811648398637772, 0.08105289191007614, 0.14181938767433167, 0.13903824985027313, 0.06101875379681587]",19.656240701675415
single,51,"[0.04464821517467499, 0.0323156863451004, 0.02938074991106987, 0.025817103683948517, 0.021230801939964294]","[0.0421614907681942, 0.018156934529542923, 0.014649467542767525, 0.03140830621123314, 0.022906742990016937]","[0.16639858484268188, 0.14349082112312317, 0.1348130851984024, 0.1262638419866562, 0.12142831832170486]","[0.19804956018924713, 0.12432283163070679, 0.10972970724105835, 0.16967052221298218, 0.1423100382089615]",18.547229290008545
single,52,"[0.060193032026290894, 0.031739845871925354, 0.022740840911865234, 0.025467129424214363, 0.02299794740974903]","[0.019143121317029, 0.0090109808370471, 0.01411828026175499, 0.006482795346528292, 0.005751552991569042]","[0.18966194987297058, 0.1417374610900879, 0.11978168040513992, 0.12709514796733856, 0.11814028769731522]","[0.12765833735466003, 0.07962155342102051, 0.10551638156175613, 0.06492504477500916, 0.0601072683930397]",19.54801630973816
single,53,"[0.05947142466902733, 0.03357788920402527, 0.02462645247578621, 0.021692393347620964, 0.023303387686610222]","[0.020883366465568542, 0.019763384014368057, 0.021076196804642677, 0.019641518592834473, 0.015722142532467842]","[0.19687612354755402, 0.1434304267168045, 0.1256793886423111, 0.1193055585026741, 0.11979013681411743]","[0.13556219637393951, 0.13152216374874115, 0.13662093877792358, 0.13104310631752014, 0.11518682539463043]",18.67132306098938
single,54,"[0.06422890722751617, 0.027392566204071045, 0.02944859303534031, 0.02364630065858364, 0.023926857858896255]","[0.028836283832788467, 0.032340917736291885, 0.009312815964221954, 0.01818229816854, 0.02518938109278679]","[0.2056550830602646, 0.13589820265769958, 0.14064370095729828, 0.12094498425722122, 0.1236540675163269]","[0.1617754101753235, 0.17237041890621185, 0.08300929516553879, 0.12481648474931717, 0.14985641837120056]",23.719588041305542
single,55,"[0.04344220459461212, 0.026093369349837303, 0.024013547226786613, 0.02300436794757843, 0.019809138029813766]","[0.017912382259964943, 0.005700473673641682, 0.016737276688218117, 0.008819172158837318, 0.029854850843548775]","[0.1665382832288742, 0.12986311316490173, 0.12271764874458313, 0.12412643432617188, 0.10991369187831879]","[0.12411414831876755, 0.06108969822525978, 0.11881270259618759, 0.07944546639919281, 0.1643337607383728]",18.505422830581665
single,56,"[0.03841302916407585, 0.028558427467942238, 0.022340334951877594, 0.017369985580444336, 0.021512828767299652]","[0.006677961442619562, 0.016334081068634987, 0.005220302380621433, 0.022761913016438484, 0.010612606070935726]","[0.15776553750038147, 0.13805502653121948, 0.12151774764060974, 0.10978351533412933, 0.11623063683509827]","[0.06681013852357864, 0.11717721819877625, 0.05775505676865578, 0.14132395386695862, 0.08929067105054855]",18.49315071105957
single,57,"[0.07070635259151459, 0.03229614347219467, 0.024294830858707428, 0.022527504712343216, 0.022654522210359573]","[0.027470741420984268, 0.019635118544101715, 0.017773659899830818, 0.00971888191998005, 0.014019547030329704]","[0.2012275755405426, 0.14821434020996094, 0.12825636565685272, 0.1246708557009697, 0.11813919991254807]","[0.15851359069347382, 0.13228529691696167, 0.12558075785636902, 0.08795531094074249, 0.1094907820224762]",19.898602724075317
single,58,"[0.062413863837718964, 0.02854682318866253, 0.02912455052137375, 0.022179046645760536, 0.01974227838218212]","[0.02504686638712883, 0.020820453763008118, 0.013517018407583237, 0.01001861784607172, 0.01048063300549984]","[0.19140326976776123, 0.13526107370853424, 0.13488471508026123, 0.12030403316020966, 0.11086201667785645]","[0.14896786212921143, 0.13389557600021362, 0.10380373895168304, 0.08542817831039429, 0.08753536641597748]",18.85807466506958
single,59,"[0.057029400020837784, 0.030068347230553627, 0.026263663545250893, 0.02913280948996544, 0.024535177275538445]","[0.03470452129840851, 0.015619195997714996, 0.013270667754113674, 0.011368704959750175, 0.019394436851143837]","[0.18312115967273712, 0.13886408507823944, 0.134154811501503, 0.13450968265533447, 0.1268186867237091]","[0.178884819149971, 0.1139826774597168, 0.10305095463991165, 0.09282559901475906, 0.12881730496883392]",24.614627361297607
single,60,"[0.08558396250009537, 0.035846929997205734, 0.0342901237308979, 0.028686033561825752, 0.02386576682329178]","[0.022860253229737282, 0.02482142485678196, 0.01744963228702545, 0.0257085170596838, 0.013351278379559517]","[0.2239726483821869, 0.15211021900177002, 0.14676262438297272, 0.13366352021694183, 0.12502387166023254]","[0.14302551746368408, 0.14954069256782532, 0.1223900318145752, 0.15194158256053925, 0.10369239002466202]",18.37310767173767
single,61,"[0.05630550906062126, 0.028326526284217834, 0.029289236292243004, 0.028895193710923195, 0.01979839615523815]","[0.0307594146579504, 0.03537480905652046, 0.016207663342356682, 0.014601217582821846, 0.016666924580931664]","[0.19459538161754608, 0.13719728589057922, 0.14118333160877228, 0.13478447496891022, 0.11584729701280594]","[0.16614054143428802, 0.17862221598625183, 0.11303005367517471, 0.10473117232322693, 0.11300028860569]",24.544073581695557
single,62,"[0.05238689109683037, 0.03147806227207184, 0.028348073363304138, 0.02176564373075962, 0.023791780695319176]","[0.06754665076732635, 0.027136988937854767, 0.027910565957427025, 0.03032626584172249, 0.03381906449794769]","[0.19057200849056244, 0.14413794875144958, 0.13598978519439697, 0.12193736433982849, 0.12659676373004913]","[0.25450584292411804, 0.15647131204605103, 0.15904539823532104, 0.16636577248573303, 0.17622119188308716]",18.301414966583252
single,63,"[0.04745966196060181, 0.02423776499927044, 0.021741215139627457, 0.0217608492821455, 0.022049730643630028]","[0.01981130614876747, 0.009620560333132744, 0.008664757013320923, 0.007750479970127344, 0.017410259693861008]","[0.1730802357196808, 0.1242005005478859, 0.11675690114498138, 0.11621832847595215, 0.11634193360805511]","[0.12939605116844177, 0.08206799626350403, 0.076938696205616, 0.0717548355460167, 0.1174694150686264]",19.729814291000366
single,64,"[0.05490100756287575, 0.03867656737565994, 0.03201466053724289, 0.02785051241517067, 0.02306510880589485]","[0.04118676483631134, 0.005052715074270964, 0.015416943468153477, 0.01229263935238123, 0.010981302708387375]","[0.19137725234031677, 0.15668319165706635, 0.1461482048034668, 0.1331896334886551, 0.11742865294218063]","[0.19566255807876587, 0.055418964475393295, 0.11196700483560562, 0.09785907715559006, 0.09113211929798126]",18.768531799316406
single,65,"[0.05419239029288292, 0.026971394196152687, 0.02433653175830841, 0.02461947873234749, 0.02393389865756035]","[0.04499221593141556, 0.022529689595103264, 0.007742866408079863, 0.006914236582815647, 0.008148349821567535]","[0.1781046837568283, 0.13650180399417877, 0.1268983781337738, 0.12097258120775223, 0.12516990303993225]","[0.2048502117395401, 0.14011487364768982, 0.07297609001398087, 0.06827869266271591, 0.0754486694931984]",23.781566381454468
single,66,"[0.05255476012825966, 0.03729364275932312, 0.03102601319551468, 0.02605094015598297, 0.02431189827620983]","[0.05519060790538788, 0.03514537587761879, 0.017916956916451454, 0.012197871692478657, 0.01827097125351429]","[0.19175130128860474, 0.15701857209205627, 0.1422118991613388, 0.12847211956977844, 0.12434979528188705]","[0.2291427105665207, 0.18064646422863007, 0.1242111548781395, 0.09848403930664062, 0.12528416514396667]",18.408374309539795
single,67,"[0.0680941715836525, 0.0261700302362442, 0.025877155363559723, 0.022492069751024246, 0.02134934812784195]","[0.03212063014507294, 0.013823317363858223, 0.005976095795631409, 0.005839236546307802, 0.01089328620582819]","[0.2133304923772812, 0.12484082579612732, 0.12314467132091522, 0.11739978939294815, 0.1118256151676178]","[0.17156754434108734, 0.10590677708387375, 0.0627543032169342, 0.06197245419025421, 0.0906393975019455]",18.191267728805542
single,68,"[0.1049950048327446, 0.038656216114759445, 0.027593055739998817, 0.028385937213897705, 0.02636820636689663]","[0.06538411229848862, 0.044526610523462296, 0.04586069658398628, 0.024311061948537827, 0.010987057350575924]","[0.2594318389892578, 0.16391286253929138, 0.1316208690404892, 0.13238412141799927, 0.12336811423301697]","[0.25017237663269043, 0.2042318731546402, 0.2071543186903, 0.1463284194469452, 0.09060483425855637]",19.502832889556885
single,69,"[0.07928601652383804, 0.035140976309776306, 0.03372042626142502, 0.02880031242966652, 0.02638281136751175]","[0.04412143677473068, 0.007872769609093666, 0.03181033208966255, 0.007999873720109463, 0.006250234320759773]","[0.21973936259746552, 0.15497280657291412, 0.15128229558467865, 0.13298042118549347, 0.13045009970664978]","[0.20374466478824615, 0.07419369369745255, 0.17032253742218018, 0.07479529827833176, 0.0644896924495697]",18.678585052490234
single,70,"[0.09135778248310089, 0.04523264616727829, 0.030945060774683952, 0.032933201640844345, 0.024326058104634285]","[0.02507777512073517, 0.01878739520907402, 0.020621279254555702, 0.0063488660380244255, 0.008539758622646332]","[0.23747627437114716, 0.17548024654388428, 0.14157162606716156, 0.14381392300128937, 0.12419109046459198]","[0.14996878802776337, 0.12738338112831116, 0.13402193784713745, 0.06443396210670471, 0.07711798697710037]",24.697842597961426
single,71,"[0.058942560106515884, 0.03258519247174263, 0.024187803268432617, 0.022434217855334282, 0.0226685032248497]","[0.012680530548095703, 0.007777931168675423, 0.011912038549780846, 0.009050239808857441, 0.015613900497555733]","[0.1948348879814148, 0.1464264690876007, 0.12458563596010208, 0.12099910527467728, 0.11463554203510284]","[0.10084094107151031, 0.07364635169506073, 0.09578104317188263, 0.08021685481071472, 0.11256350576877594]",18.349056720733643
single,72,"[0.05005986616015434, 0.031038660556077957, 0.030023494735360146, 0.025016119703650475, 0.02114046737551689]","[0.03357379883527756, 0.01574491336941719, 0.014022924937307835, 0.010255048051476479, 0.015820175409317017]","[0.1757546216249466, 0.14440840482711792, 0.1391625553369522, 0.12435434758663177, 0.11225887387990952]","[0.1760312169790268, 0.11482121795415878, 0.10707907378673553, 0.08799497783184052, 0.11490970104932785]",17.99267888069153
single,73,"[0.062418535351753235, 0.03361998870968819, 0.026828892529010773, 0.024861780926585197, 0.018923567607998848]","[0.04277563467621803, 0.012135449796915054, 0.01062807533890009, 0.010473433881998062, 0.007007806096225977]","[0.19205768406391144, 0.1503450721502304, 0.13233543932437897, 0.1282345950603485, 0.11194577813148499]","[0.2002788484096527, 0.09735538065433502, 0.08910758048295975, 0.08769349753856659, 0.06909610331058502]",18.385347843170166
single,74,"[0.093027263879776, 0.03767476975917816, 0.027924584224820137, 0.02690596505999565, 0.024359432980418205]","[0.03347783535718918, 0.01716272532939911, 0.011489433236420155, 0.012778560630977154, 0.007614747155457735]","[0.22733214497566223, 0.1561209112405777, 0.13172481954097748, 0.13231776654720306, 0.12314192205667496]","[0.17584025859832764, 0.12080404907464981, 0.09394127130508423, 0.09986068308353424, 0.07197508215904236]",23.67588448524475
single,75,"[0.06783565133810043, 0.029075969010591507, 0.02686755172908306, 0.02494414709508419, 0.025634068995714188]","[0.033984534442424774, 0.019275832921266556, 0.012019138783216476, 0.0054181902669370174, 0.012707043439149857]","[0.20110183954238892, 0.14281438291072845, 0.1285652220249176, 0.12680299580097198, 0.12322761118412018]","[0.17735888063907623, 0.1293167918920517, 0.09751719236373901, 0.05857576057314873, 0.10008519142866135]",24.635658264160156
single,76,"[0.07131163775920868, 0.03611811622977257, 0.028166871517896652, 0.024944275617599487, 0.021249884739518166]","[0.036269575357437134, 0.012668920680880547, 0.005057021509855986, 0.0070549980737268925, 0.006573286838829517]","[0.20356598496437073, 0.1504315882921219, 0.13311275839805603, 0.12448818981647491, 0.11286626011133194]","[0.1829967051744461, 0.09981748461723328, 0.056089747697114944, 0.06901341676712036, 0.0661047101020813]",23.788269758224487
single,77,"[0.07782332599163055, 0.03432442620396614, 0.028334302827715874, 0.02564752846956253, 0.023709028959274292]","[0.0361783541738987, 0.033942412585020065, 0.02340993471443653, 0.029369551688432693, 0.02675759792327881]","[0.21513313055038452, 0.14957159757614136, 0.13665075600147247, 0.12671791017055511, 0.12230021506547928]","[0.18404033780097961, 0.17773999273777008, 0.14541445672512054, 0.16447405517101288, 0.15613311529159546]",19.09479832649231
single,78,"[0.04427928477525711, 0.035981711000204086, 0.03388090059161186, 0.023275630548596382, 0.018824443221092224]","[0.037507813423871994, 0.02441302128136158, 0.008901066146790981, 0.011577200144529343, 0.0050801485776901245]","[0.16700884699821472, 0.15390215814113617, 0.1468489170074463, 0.12052406370639801, 0.10990414768457413]","[0.18590956926345825, 0.14692986011505127, 0.07951823621988297, 0.09386308491230011, 0.056279849261045456]",18.42014193534851
single,79,"[0.04506061598658562, 0.03234506770968437, 0.023689808323979378, 0.021400291472673416, 0.0211324542760849]","[0.019944369792938232, 0.010461650788784027, 0.007833556272089481, 0.013552315533161163, 0.004387804307043552]","[0.1664835512638092, 0.14559529721736908, 0.12544633448123932, 0.11980348080396652, 0.1168329194188118]","[0.13059160113334656, 0.08762750029563904, 0.07355213910341263, 0.10258755832910538, 0.050587404519319534]",18.144607305526733
single,80,"[0.0842701867222786, 0.03938925638794899, 0.031095050275325775, 0.023098550736904144, 0.023998446762561798]","[0.055269788950681686, 0.061183568090200424, 0.02353006973862648, 0.007728940807282925, 0.021140500903129578]","[0.2270759642124176, 0.1553659290075302, 0.13982586562633514, 0.12395721673965454, 0.12139345705509186]","[0.22888889908790588, 0.24091973900794983, 0.14290179312229156, 0.07090909034013748, 0.1332312673330307]",24.88500165939331
single,81,"[0.061352264136075974, 0.03148358315229416, 0.023495594039559364, 0.021029116585850716, 0.023010317236185074]","[0.007940874435007572, 0.003640787210315466, 0.019224869087338448, 0.014393078163266182, 0.027036326006054878]","[0.1898796409368515, 0.14148586988449097, 0.11814393103122711, 0.11677829921245575, 0.12151207029819489]","[0.0754445269703865, 0.04675070941448212, 0.1297450214624405, 0.10933354496955872, 0.15599918365478516]",18.748424530029297
single,82,"[0.056487247347831726, 0.029481317847967148, 0.023610588163137436, 0.026348033919930458, 0.023135419934988022]","[0.02297375723719597, 0.013867547735571861, 0.008312643505632877, 0.0071672480553388596, 0.011181611567735672]","[0.1814398616552353, 0.14203961193561554, 0.1247345358133316, 0.12926645576953888, 0.12275189906358719]","[0.14145703613758087, 0.1042182669043541, 0.07547314465045929, 0.0692853257060051, 0.09106487035751343]",19.77899408340454
single,83,"[0.04721159487962723, 0.030969904735684395, 0.027392487972974777, 0.023795809596776962, 0.021771131083369255]","[0.04969610273838043, 0.027848923578858376, 0.005472850054502487, 0.019314317032694817, 0.008178509771823883]","[0.18117515742778778, 0.14088572561740875, 0.1295291632413864, 0.123874731361866, 0.11940902471542358]","[0.21599896252155304, 0.1574590504169464, 0.05785546451807022, 0.12690310180187225, 0.07429027557373047]",18.604342937469482
single,84,"[0.03838307037949562, 0.03009423241019249, 0.02297729253768921, 0.025006182491779327, 0.022755218669772148]","[0.03379882127046585, 0.019383078441023827, 0.01953757368028164, 0.022211944684386253, 0.02705244906246662]","[0.1578141748905182, 0.14000928401947021, 0.11868055164813995, 0.12608683109283447, 0.12354329228401184]","[0.17618702352046967, 0.1288509964942932, 0.12958316504955292, 0.1391146332025528, 0.15497678518295288]",18.184975385665894
single,85,"[0.07210934907197952, 0.034114524722099304, 0.025540832430124283, 0.02523617260158062, 0.02086888812482357]","[0.038437481969594955, 0.011010585352778435, 0.015738470479846, 0.007448537740856409, 0.007636610884219408]","[0.2083105444908142, 0.1522882878780365, 0.1318749636411667, 0.1261110156774521, 0.11868532001972198]","[0.18884515762329102, 0.09091740846633911, 0.11303482204675674, 0.07108433544635773, 0.07236383855342865]",18.588157415390015
single,86,"[0.07074308395385742, 0.030104171484708786, 0.029634060338139534, 0.023287950083613396, 0.029889443889260292]","[0.05559529364109039, 0.037104010581970215, 0.016917958855628967, 0.0065657407976686954, 0.015970129519701004]","[0.20641560852527618, 0.14326642453670502, 0.13643501698970795, 0.12152061611413956, 0.13645856082439423]","[0.22908353805541992, 0.184324249625206, 0.11786700040102005, 0.06555796414613724, 0.11367760598659515]",23.739720106124878
single,87,"[0.04422201216220856, 0.03171840310096741, 0.02945917472243309, 0.026538195088505745, 0.022337161004543304]","[0.034890346229076385, 0.010026570409536362, 0.026126882061362267, 0.02044115774333477, 0.006534661632031202]","[0.1680346578359604, 0.14367510378360748, 0.13895773887634277, 0.13068050146102905, 0.11990173906087875]","[0.17839829623699188, 0.08479055762290955, 0.15090972185134888, 0.13049116730690002, 0.06452839821577072]",19.735946893692017
single,88,"[0.06899978965520859, 0.036865558475255966, 0.033090025186538696, 0.029957186430692673, 0.02504172921180725]","[0.03782133013010025, 0.008565152063965797, 0.03675663098692894, 0.021988656371831894, 0.010103775188326836]","[0.21700680255889893, 0.1554734706878662, 0.1481480896472931, 0.13941940665245056, 0.12119799852371216]","[0.18620026111602783, 0.07680226117372513, 0.18318726122379303, 0.13736480474472046, 0.08551548421382904]",18.694344520568848
single,89,"[0.054972197860479355, 0.039786241948604584, 0.028290458023548126, 0.022452127188444138, 0.019928721711039543]","[0.04189791530370712, 0.016914743930101395, 0.012615209445357323, 0.018218321725726128, 0.024058876559138298]","[0.18479670584201813, 0.16473650932312012, 0.13689292967319489, 0.12067762762308121, 0.11687927693128586]","[0.19718880951404572, 0.11828658729791641, 0.09865643084049225, 0.12380672246217728, 0.14519737660884857]",24.79650044441223
single,90,"[0.07921814173460007, 0.03175875544548035, 0.03028257191181183, 0.030713040381669998, 0.020383914932608604]","[0.04076753556728363, 0.03321531414985657, 0.006596664898097515, 0.02585720270872116, 0.0189569853246212]","[0.21679064631462097, 0.14073629677295685, 0.1432771235704422, 0.13742472231388092, 0.11937123537063599]","[0.19576658308506012, 0.17549653351306915, 0.06647326797246933, 0.1528445929288864, 0.1280447095632553]",23.762890338897705
single,91,"[0.06552615761756897, 0.030139274895191193, 0.02508099377155304, 0.02630014158785343, 0.01999835856258869]","[0.017422690987586975, 0.008819054812192917, 0.016579849645495415, 0.017346246168017387, 0.02893771044909954]","[0.18943603336811066, 0.13738767802715302, 0.12575259804725647, 0.12867265939712524, 0.11415939033031464]","[0.1228536069393158, 0.08130958676338196, 0.11984935402870178, 0.12290646135807037, 0.16315966844558716]",17.970738172531128
single,92,"[0.055648550391197205, 0.03768310695886612, 0.029483428224921227, 0.02520269714295864, 0.023307938128709793]","[0.05440390855073929, 0.02482479065656662, 0.017050523310899734, 0.010610420256853104, 0.007262324448674917]","[0.1856193095445633, 0.15939798951148987, 0.13211704790592194, 0.12824568152427673, 0.11561267077922821]","[0.22678151726722717, 0.14791370928287506, 0.11860332638025284, 0.08773723244667053, 0.06990939378738403]",19.774433612823486
single,93,"[0.04677778482437134, 0.030514588579535484, 0.025178994983434677, 0.025816939771175385, 0.02021799050271511]","[0.04356490448117256, 0.02711017243564129, 0.011672906577587128, 0.013650133274495602, 0.012305251322686672]","[0.16160432994365692, 0.14078181982040405, 0.12985141575336456, 0.1242719292640686, 0.1108478382229805]","[0.2023514360189438, 0.15651148557662964, 0.09564228355884552, 0.10518477112054825, 0.09825422614812851]",18.60031509399414
single,94,"[0.03748951852321625, 0.02911626547574997, 0.024419942870736122, 0.027092114090919495, 0.023759838193655014]","[0.016348175704479218, 0.009461742825806141, 0.016492919996380806, 0.019512299448251724, 0.006560896057635546]","[0.15276357531547546, 0.1347159743309021, 0.12186721712350845, 0.12775729596614838, 0.12380453944206238]","[0.11513213813304901, 0.08179733902215958, 0.11668804287910461, 0.12878580391407013, 0.06638266146183014]",19.816162109375
single,95,"[0.05474815517663956, 0.03792367875576019, 0.02610127069056034, 0.026139428839087486, 0.02353425696492195]","[0.054299384355545044, 0.023211754858493805, 0.028059547767043114, 0.014774877578020096, 0.0067777787335217]","[0.181765615940094, 0.1595705896615982, 0.13088171184062958, 0.13093793392181396, 0.1233290284872055]","[0.2267136573791504, 0.14245449006557465, 0.15824832022190094, 0.1084023118019104, 0.06736396998167038]",18.55288529396057
single,96,"[0.04149990901350975, 0.026317229494452477, 0.02296140417456627, 0.023708930239081383, 0.017117241397500038]","[0.023312250152230263, 0.01351616345345974, 0.0065206545405089855, 0.006199027877300978, 0.008650440722703934]","[0.1599561870098114, 0.13763798773288727, 0.11830870807170868, 0.11998318880796432, 0.10548143833875656]","[0.14229033887386322, 0.10184550285339355, 0.06537710130214691, 0.06337768584489822, 0.07770498096942902]",19.69777822494507
single,97,"[0.07654371857643127, 0.042601052671670914, 0.03410978987812996, 0.029475858435034752, 0.026230361312627792]","[0.03080221824347973, 0.016349323093891144, 0.013616418465971947, 0.008134215138852596, 0.02047002874314785]","[0.21887502074241638, 0.1635700762271881, 0.15093401074409485, 0.13862302899360657, 0.13101103901863098]","[0.16853736340999603, 0.11820008605718613, 0.10622388869524002, 0.07734104990959167, 0.13466592133045197]",18.149373292922974
single,98,"[0.037038229405879974, 0.02946716733276844, 0.02328919991850853, 0.01932373456656933, 0.016222340986132622]","[0.024171074852347374, 0.014705694280564785, 0.01084076426923275, 0.00862046517431736, 0.011947250925004482]","[0.15411768853664398, 0.13892267644405365, 0.11872787028551102, 0.11218433082103729, 0.1014913022518158]","[0.14388218522071838, 0.10640300810337067, 0.08852725476026535, 0.07810638844966888, 0.09387209266424179]",18.755915880203247
single,99,"[0.05219729244709015, 0.02912835031747818, 0.021991319954395294, 0.020088372752070427, 0.022096950560808182]","[0.023008011281490326, 0.03526967391371727, 0.0220611821860075, 0.027361296117305756, 0.018382705748081207]","[0.1802089512348175, 0.13964548707008362, 0.11936917155981064, 0.11125656217336655, 0.12045314908027649]","[0.14238320291042328, 0.1802535206079483, 0.1390058696269989, 0.15669378638267517, 0.12498346716165543]",19.647157430648804
combined,0,"[0.06990951299667358, 0.03154174983501434, 0.02958368882536888, 0.021910572424530983, 0.02055998332798481]","[0.027496598660945892, 0.022739190608263016, 0.015655284747481346, 0.006728585809469223, 0.011807836592197418]","[0.21092458069324493, 0.14098869264125824, 0.13198363780975342, 0.11920256912708282, 0.11155880242586136]","[0.15809236466884613, 0.1425715535879135, 0.11590408533811569, 0.0686732605099678, 0.09809587150812149]",18.686392784118652
combined,1,"[0.04985256865620613, 0.029671983793377876, 0.022414732724428177, 0.01790253445506096, 0.01915370486676693]","[0.00924490112811327, 0.002950920257717371, 0.002513692481443286, 0.004135234747081995, 0.004898815415799618]","[0.18109291791915894, 0.13249772787094116, 0.11621327698230743, 0.10022388398647308, 0.11121878772974014]","[0.08266229182481766, 0.040673885494470596, 0.03812422975897789, 0.050131574273109436, 0.0557052381336689]",19.732234716415405
combined,2,"[0.05920732393860817, 0.03016580268740654, 0.03038809821009636, 0.020310789346694946, 0.023427171632647514]","[0.00650362204760313, 0.017363596707582474, 0.004399954341351986, 0.011996963992714882, 0.009658810682594776]","[0.18924793601036072, 0.13263700902462006, 0.13654114305973053, 0.11158859729766846, 0.12449488788843155]","[0.06559283286333084, 0.12116790562868118, 0.05185110121965408, 0.09676790237426758, 0.08424084633588791]",23.747806787490845
combined,3,"[0.053628068417310715, 0.030941441655158997, 0.02550446428358555, 0.025220736861228943, 0.022091897204518318]","[0.02966485358774662, 0.020452585071325302, 0.032190486788749695, 0.025971055030822754, 0.015894491225481033]","[0.17935024201869965, 0.13801681995391846, 0.13173729181289673, 0.1277509182691574, 0.12128446996212006]","[0.16393731534481049, 0.1330498605966568, 0.17104262113571167, 0.15159723162651062, 0.1138007640838623]",19.647112131118774
combined,4,"[0.061681270599365234, 0.03322650119662285, 0.027553750202059746, 0.025484198704361916, 0.024021603167057037]","[0.03140104562044144, 0.011834897100925446, 0.008804451674222946, 0.005071286577731371, 0.009311476722359657]","[0.1918332576751709, 0.14382344484329224, 0.13517941534519196, 0.12811310589313507, 0.1247105821967125]","[0.1693688929080963, 0.09578453749418259, 0.0793323963880539, 0.0558774508535862, 0.08178362250328064]",23.77952218055725
combined,5,"[0.04946040362119675, 0.04269154369831085, 0.028943877667188644, 0.020703742280602455, 0.01791362464427948]","[0.059495631605386734, 0.021149206906557083, 0.015752200037240982, 0.017094511538743973, 0.01430025976151228]","[0.1874101758003235, 0.17064613103866577, 0.13970130681991577, 0.11852104216814041, 0.10587559640407562]","[0.23769284784793854, 0.13571582734584808, 0.11420252174139023, 0.12007516622543335, 0.10780052840709686]",18.66063690185547
combined,6,"[0.06727071851491928, 0.03509221598505974, 0.03395627811551094, 0.026866918429732323, 0.021459387615323067]","[0.05940501391887665, 0.031400591135025024, 0.020086467266082764, 0.02204928919672966, 0.009112201631069183]","[0.19632798433303833, 0.1567075252532959, 0.14337722957134247, 0.1278931349515915, 0.12095849215984344]","[0.23818714916706085, 0.1695736050605774, 0.13195346295833588, 0.1390775740146637, 0.081156425178051]",19.97667694091797
combined,7,"[0.060298167169094086, 0.034419357776641846, 0.024142775684595108, 0.019672982394695282, 0.020573044195771217]","[0.012534935027360916, 0.00942208245396614, 0.01771995984017849, 0.005811819341033697, 0.012934593483805656]","[0.1997600495815277, 0.15083441138267517, 0.12368148565292358, 0.11178743839263916, 0.11276207119226456]","[0.10077501833438873, 0.08386407047510147, 0.1234520971775055, 0.06179482117295265, 0.10248663276433945]",23.85016393661499
combined,8,"[0.07250544428825378, 0.03630375117063522, 0.037075888365507126, 0.029644537717103958, 0.02228103205561638]","[0.07084853202104568, 0.046476636081933975, 0.032585930079221725, 0.020362529903650284, 0.0357147753238678]","[0.2188766896724701, 0.15485429763793945, 0.15562503039836884, 0.13580289483070374, 0.12316539138555527]","[0.2609752416610718, 0.20904535055160522, 0.17245520651340485, 0.13232958316802979, 0.18063949048519135]",19.925704956054688
combined,9,"[0.06591092050075531, 0.030686361715197563, 0.0246012844145298, 0.024512872099876404, 0.01859455555677414]","[0.04314238205552101, 0.028331419453024864, 0.014335844665765762, 0.015507318079471588, 0.017487499862909317]","[0.2111523449420929, 0.14500118792057037, 0.12787778675556183, 0.1268465220928192, 0.10914693027734756]","[0.2008044421672821, 0.16014565527439117, 0.10899265110492706, 0.11454951018095016, 0.1225636750459671]",18.829888343811035
combined,10,"[0.05100003629922867, 0.03227870166301727, 0.022918233647942543, 0.021186040714383125, 0.02362227812409401]","[0.02582455426454544, 0.040762465447187424, 0.022386128082871437, 0.012187597341835499, 0.016055678948760033]","[0.18209990859031677, 0.13931725919246674, 0.12855151295661926, 0.1121693029999733, 0.12527328729629517]","[0.15153442323207855, 0.19381698966026306, 0.13811860978603363, 0.09476616233587265, 0.11261021345853806]",23.75132918357849
combined,11,"[0.03807345777750015, 0.02673746459186077, 0.025043142959475517, 0.021091653034090996, 0.019244205206632614]","[0.0071096960455179214, 0.013272329233586788, 0.006536686792969704, 0.008762425743043423, 0.009453612379729748]","[0.15313538908958435, 0.12980356812477112, 0.13077963888645172, 0.11827488988637924, 0.11490506678819656]","[0.0678822323679924, 0.10161928832530975, 0.0651434138417244, 0.07786113768815994, 0.08163892477750778]",18.74347233772278
combined,12,"[0.06444892287254333, 0.03716143220663071, 0.029771214351058006, 0.030413325875997543, 0.022450070828199387]","[0.023985346779227257, 0.019647832959890366, 0.024866212159395218, 0.013783544301986694, 0.011006258428096771]","[0.19085638225078583, 0.16104155778884888, 0.13875794410705566, 0.14347481727600098, 0.11888366937637329]","[0.14629612863063812, 0.13108699023723602, 0.14962272346019745, 0.10674312710762024, 0.09294933825731277]",23.871288299560547
combined,13,"[0.07875092327594757, 0.029681619256734848, 0.024366451427340508, 0.026906078681349754, 0.024647288024425507]","[0.03024512529373169, 0.010435199365019798, 0.00768432067707181, 0.0038922263775020838, 0.005362679250538349]","[0.21201638877391815, 0.13439136743545532, 0.12299302220344543, 0.13037154078483582, 0.12937282025814056]","[0.16788619756698608, 0.09196241199970245, 0.07586979120969772, 0.04938481003046036, 0.06042551249265671]",20.118584632873535
combined,14,"[0.05176793038845062, 0.03570903465151787, 0.028641078621149063, 0.021128393709659576, 0.020451189950108528]","[0.07319838553667068, 0.03369550779461861, 0.0066179512068629265, 0.01536630280315876, 0.016248177736997604]","[0.18964317440986633, 0.153782919049263, 0.13665986061096191, 0.11500975489616394, 0.11304302513599396]","[0.2652462124824524, 0.17557522654533386, 0.06541179865598679, 0.11141625046730042, 0.11501265317201614]",18.95163321495056
combined,15,"[0.10080049932003021, 0.040205687284469604, 0.028911389410495758, 0.02643573470413685, 0.022202258929610252]","[0.09342853724956512, 0.04420368745923042, 0.02152179554104805, 0.019411152228713036, 0.02064531482756138]","[0.2480195164680481, 0.1620689481496811, 0.1391071230173111, 0.13114705681800842, 0.11813254654407501]","[0.300818532705307, 0.20331846177577972, 0.13728702068328857, 0.1292629837989807, 0.13371391594409943]",24.98542308807373
combined,16,"[0.06605792045593262, 0.03555048629641533, 0.027283472940325737, 0.02761368826031685, 0.021826017647981644]","[0.020437117666006088, 0.009259793907403946, 0.003071984276175499, 0.009178521111607552, 0.014157470315694809]","[0.19075264036655426, 0.15277598798274994, 0.13081781566143036, 0.1329021006822586, 0.11619345843791962]","[0.13397692143917084, 0.08403965830802917, 0.04244045540690422, 0.08373323082923889, 0.10882223397493362]",19.05359721183777
combined,17,"[0.044605497270822525, 0.032361820340156555, 0.026362288743257523, 0.019457977265119553, 0.020160021260380745]","[0.008424957282841206, 0.0034854505211114883, 0.005232314579188824, 0.004383644554764032, 0.005713930353522301]","[0.17646940052509308, 0.1422189623117447, 0.1330481618642807, 0.1161327138543129, 0.1136515811085701]","[0.07641692459583282, 0.0436660535633564, 0.05738035961985588, 0.05101991817355156, 0.06076551228761673]",18.640430450439453
combined,18,"[0.05526250600814819, 0.03491416573524475, 0.02557922899723053, 0.02477995678782463, 0.02351856790482998]","[0.055841561406850815, 0.016726523637771606, 0.014148153364658356, 0.03775184601545334, 0.018065117299556732]","[0.18577627837657928, 0.1514989137649536, 0.12829075753688812, 0.12421971559524536, 0.11931382864713669]","[0.23090121150016785, 0.12064547836780548, 0.10948588699102402, 0.188070148229599, 0.12492566555738449]",20.18214774131775
combined,19,"[0.07359936833381653, 0.028900470584630966, 0.027803771197795868, 0.026053685694932938, 0.030750591307878494]","[0.053375158458948135, 0.0380377471446991, 0.04458734020590782, 0.006004230119287968, 0.016805678606033325]","[0.20905067026615143, 0.13585616648197174, 0.13458199799060822, 0.12441331893205643, 0.14000430703163147]","[0.22510772943496704, 0.18778468668460846, 0.20417018234729767, 0.06131206825375557, 0.11760871112346649]",23.81599521636963
combined,20,"[0.0627170205116272, 0.039812736213207245, 0.026190785691142082, 0.022253207862377167, 0.024046720936894417]","[0.02293432503938675, 0.01622716709971428, 0.02583836205303669, 0.023209165781736374, 0.021527132019400597]","[0.19787925481796265, 0.1602058708667755, 0.1305798888206482, 0.12011469900608063, 0.12235604226589203]","[0.14225097000598907, 0.11631210893392563, 0.15196682512760162, 0.14313961565494537, 0.13696888089179993]",19.803696393966675
combined,21,"[0.06140438839793205, 0.027520090341567993, 0.025881022214889526, 0.02316194772720337, 0.022546587511897087]","[0.009752405807375908, 0.018218932673335075, 0.02476426772773266, 0.04857258498668671, 0.022391302511096]","[0.19671307504177094, 0.13344736397266388, 0.12479393184185028, 0.12122833728790283, 0.12095668166875839]","[0.0871436819434166, 0.12748141586780548, 0.1509796530008316, 0.2158643901348114, 0.14267200231552124]",18.821846961975098
combined,22,"[0.07568954676389694, 0.026549790054559708, 0.026440758258104324, 0.021276554092764854, 0.024146299809217453]","[0.012642210349440575, 0.010411394760012627, 0.013951093889772892, 0.008582818321883678, 0.018331419676542282]","[0.20863473415374756, 0.12739714980125427, 0.122776560485363, 0.11393659561872482, 0.12569184601306915]","[0.10262751579284668, 0.09175959974527359, 0.10966156423091888, 0.08116987347602844, 0.12739457190036774]",18.45747947692871
combined,23,"[0.0587916299700737, 0.03857732564210892, 0.02328386902809143, 0.02346590906381607, 0.018002614378929138]","[0.03066488914191723, 0.014706089161336422, 0.004653504118323326, 0.015111728571355343, 0.005160909611731768]","[0.18718597292900085, 0.15639252960681915, 0.12662820518016815, 0.12609729170799255, 0.11059501767158508]","[0.1674513816833496, 0.11077705025672913, 0.05371678248047829, 0.11221375316381454, 0.05733191967010498]",19.228089332580566
combined,24,"[0.06584585458040237, 0.03638322278857231, 0.0290612131357193, 0.023414436727762222, 0.02423972636461258]","[0.02699524722993374, 0.02525908499956131, 0.01421322487294674, 0.01817607879638672, 0.009914273396134377]","[0.20536170899868011, 0.15609443187713623, 0.13600830733776093, 0.12161235511302948, 0.12329450994729996]","[0.1568901091814041, 0.15114352107048035, 0.10872199386358261, 0.1254003942012787, 0.08655978739261627]",18.97541069984436
combined,25,"[0.05419076234102249, 0.027170339599251747, 0.02359825186431408, 0.019404543563723564, 0.023458829149603844]","[0.020722366869449615, 0.011656846851110458, 0.010460278019309044, 0.009190143086016178, 0.006717713549733162]","[0.19300128519535065, 0.13429340720176697, 0.12192090600728989, 0.11349872499704361, 0.12405870109796524]","[0.13457705080509186, 0.09537650644779205, 0.08913546055555344, 0.08206245303153992, 0.06743912398815155]",20.53739833831787
combined,26,"[0.06598815321922302, 0.030205102637410164, 0.026741323992609978, 0.023459656164050102, 0.020308028906583786]","[0.017516139894723892, 0.013703225180506706, 0.017328081652522087, 0.010968007147312164, 0.01214398629963398]","[0.20067977905273438, 0.13701245188713074, 0.12980179488658905, 0.12225329875946045, 0.11153480410575867]","[0.12271060794591904, 0.10603499412536621, 0.12135978043079376, 0.09108171612024307, 0.09675484150648117]",19.04653024673462
combined,27,"[0.049384236335754395, 0.033271320164203644, 0.026779670268297195, 0.018677566200494766, 0.0191344004124403]","[0.022509511560201645, 0.012036476284265518, 0.0035859053023159504, 0.01267984788864851, 0.010000264272093773]","[0.18278583884239197, 0.146344855427742, 0.12996970117092133, 0.11208812892436981, 0.11198286712169647]","[0.14052174985408783, 0.09696383774280548, 0.04558845981955528, 0.10130669176578522, 0.08686748147010803]",20.17662239074707
combined,28,"[0.04727031663060188, 0.03041510283946991, 0.024889374151825905, 0.02552129700779915, 0.023946933448314667]","[0.04443053901195526, 0.007717046421021223, 0.023453352972865105, 0.0200052447617054, 0.009986011311411858]","[0.1742221862077713, 0.14045076072216034, 0.1289418339729309, 0.12870876491069794, 0.13105620443820953]","[0.20348873734474182, 0.07158457487821579, 0.1417132019996643, 0.12818637490272522, 0.08363287895917892]",19.303892135620117
combined,29,"[0.052143435925245285, 0.029457995668053627, 0.028427841141819954, 0.020470144227147102, 0.02538949064910412]","[0.03330294415354729, 0.023236285895109177, 0.013314914889633656, 0.012338228523731232, 0.004158249124884605]","[0.17734172940254211, 0.1372630000114441, 0.13633939623832703, 0.1155247837305069, 0.12943501770496368]","[0.17442820966243744, 0.1428404003381729, 0.10236526280641556, 0.09715281426906586, 0.049238670617341995]",20.511130809783936
combined,30,"[0.051211509853601456, 0.03573255613446236, 0.026556437835097313, 0.018222155049443245, 0.023030102252960205]","[0.02287054806947708, 0.01675335504114628, 0.014398038387298584, 0.012154015712440014, 0.01952804997563362]","[0.18538843095302582, 0.1471778005361557, 0.1328224390745163, 0.10800272226333618, 0.11767888069152832]","[0.14173756539821625, 0.1180180162191391, 0.10747024416923523, 0.09632191061973572, 0.12874464690685272]",19.532363176345825
combined,31,"[0.06503927707672119, 0.036772120743989944, 0.034476760774850845, 0.029210256412625313, 0.022230545058846474]","[0.04220021143555641, 0.011411227285861969, 0.015737084671854973, 0.008935177698731422, 0.008250362239778042]","[0.20275001227855682, 0.15378083288669586, 0.14544939994812012, 0.13839209079742432, 0.11625315248966217]","[0.19919131696224213, 0.0953715443611145, 0.1158180758357048, 0.0818328708410263, 0.07783233374357224]",18.700458765029907
combined,32,"[0.05788182094693184, 0.03563156723976135, 0.028630893677473068, 0.022625938057899475, 0.021379204466938972]","[0.016769954934716225, 0.014034762047231197, 0.013410895131528378, 0.004443897865712643, 0.010636080987751484]","[0.18729230761528015, 0.15005511045455933, 0.13252884149551392, 0.1243840754032135, 0.11547476798295975]","[0.11942195892333984, 0.10779286175966263, 0.1049128994345665, 0.05218168720602989, 0.09002432227134705]",19.41693878173828
combined,33,"[0.036575932055711746, 0.03424990177154541, 0.02306128665804863, 0.02279522269964218, 0.01847084052860737]","[0.0386069193482399, 0.023239130154252052, 0.016595087945461273, 0.01734922267496586, 0.013731121085584164]","[0.15716363489627838, 0.14865685999393463, 0.11909953504800797, 0.11996382474899292, 0.11217816919088364]","[0.18796376883983612, 0.14140595495700836, 0.11480412632226944, 0.11768951267004013, 0.10126965492963791]",18.790077924728394
combined,34,"[0.09798405319452286, 0.03786318004131317, 0.03589897230267525, 0.02414768561720848, 0.03073042258620262]","[0.043580204248428345, 0.03311692550778389, 0.02201763354241848, 0.013571254909038544, 0.014034498482942581]","[0.2417917102575302, 0.1530655175447464, 0.14797443151474, 0.12286612391471863, 0.13929691910743713]","[0.2017982304096222, 0.17347383499145508, 0.13706675171852112, 0.10124237835407257, 0.10220189392566681]",20.36498522758484
combined,35,"[0.04708519205451012, 0.028580890968441963, 0.024481607601046562, 0.025119531899690628, 0.02177463471889496]","[0.052646785974502563, 0.025555677711963654, 0.014706462621688843, 0.01706031523644924, 0.008939252234995365]","[0.17070434987545013, 0.13950461149215698, 0.11898554861545563, 0.1284455955028534, 0.11343864351511002]","[0.22267992794513702, 0.14964839816093445, 0.10709523409605026, 0.11709224432706833, 0.07844282686710358]",19.064523935317993
combined,36,"[0.05806265026330948, 0.03517613559961319, 0.03586795553565025, 0.027864892035722733, 0.024739570915699005]","[0.040155552327632904, 0.02352161705493927, 0.013007672503590584, 0.01774873025715351, 0.015034661628305912]","[0.1888357549905777, 0.15176835656166077, 0.14732664823532104, 0.13463462889194489, 0.11987367272377014]","[0.19408954679965973, 0.1455160230398178, 0.10368890315294266, 0.1248718723654747, 0.11329852044582367]",20.237162828445435
combined,37,"[0.05559714138507843, 0.03534437716007233, 0.030114613473415375, 0.02278824895620346, 0.02361167222261429]","[0.0124907111749053, 0.02544480189681053, 0.012364568188786507, 0.02036677487194538, 0.014490516856312752]","[0.19124551117420197, 0.1521049439907074, 0.1349850296974182, 0.12315656244754791, 0.12146420776844025]","[0.09909496456384659, 0.15083663165569305, 0.0991165041923523, 0.1333017498254776, 0.10943286120891571]",19.006576776504517
combined,38,"[0.06177239865064621, 0.034600093960762024, 0.02522491291165352, 0.028213704004883766, 0.022433090955018997]","[0.02482769638299942, 0.019523032009601593, 0.022574424743652344, 0.025722092017531395, 0.021733516827225685]","[0.1906348019838333, 0.14519618451595306, 0.12359108030796051, 0.1279195249080658, 0.11452554166316986]","[0.149497851729393, 0.13017965853214264, 0.1408773958683014, 0.1504790186882019, 0.13670995831489563]",18.679813146591187
combined,39,"[0.0692528784275055, 0.025663916021585464, 0.02771771140396595, 0.021302083507180214, 0.019813403487205505]","[0.011384997516870499, 0.010385890491306782, 0.010294643230736256, 0.0033005012664943933, 0.003287497442215681]","[0.20481133460998535, 0.12293491512537003, 0.13262058794498444, 0.1184508204460144, 0.11080369353294373]","[0.09298748522996902, 0.0878470242023468, 0.08729949593544006, 0.0425366535782814, 0.043110206723213196]",20.222464561462402
combined,40,"[0.048430923372507095, 0.027307286858558655, 0.02697119116783142, 0.021009448915719986, 0.021783463656902313]","[0.03479452431201935, 0.024852560833096504, 0.020047474652528763, 0.013612267561256886, 0.01247353944927454]","[0.17666754126548767, 0.13498233258724213, 0.1305745542049408, 0.11727243661880493, 0.11962838470935822]","[0.17972415685653687, 0.14985519647598267, 0.13302837312221527, 0.1063520610332489, 0.1008712500333786]",18.913501977920532
combined,41,"[0.06709334999322891, 0.04013700410723686, 0.030966071411967278, 0.023331595584750175, 0.02248804084956646]","[0.019681083038449287, 0.02343173325061798, 0.028989005833864212, 0.014879518188536167, 0.024295629933476448]","[0.2146489918231964, 0.1621883660554886, 0.14710193872451782, 0.11993876099586487, 0.12087246030569077]","[0.1297960877418518, 0.1434697061777115, 0.16191047430038452, 0.11045974493026733, 0.14673835039138794]",20.732707738876343
combined,42,"[0.05440949648618698, 0.03267033025622368, 0.02759808488190174, 0.025880727916955948, 0.024654844775795937]","[0.04498637095093727, 0.008926916867494583, 0.022558674216270447, 0.015597563236951828, 0.015524589456617832]","[0.18836380541324615, 0.145928293466568, 0.13415341079235077, 0.12285896390676498, 0.12296511232852936]","[0.20555241405963898, 0.08034230023622513, 0.14064623415470123, 0.11350056529045105, 0.11286558955907822]",19.10461449623108
combined,43,"[0.08449630439281464, 0.040720559656620026, 0.03651554882526398, 0.032527677714824677, 0.025615941733121872]","[0.04874897375702858, 0.030357226729393005, 0.03589490056037903, 0.02343377098441124, 0.010330235585570335]","[0.22631189227104187, 0.1581156700849533, 0.15495677292346954, 0.14792168140411377, 0.13431841135025024]","[0.21438296139240265, 0.16579677164554596, 0.18152904510498047, 0.14297881722450256, 0.08641854673624039]",18.85901165008545
combined,44,"[0.05610108748078346, 0.030265793204307556, 0.02761216089129448, 0.018374916166067123, 0.018699858337640762]","[0.020510518923401833, 0.010614574886858463, 0.010102104395627975, 0.00954673532396555, 0.008775356225669384]","[0.18869216740131378, 0.14034360647201538, 0.13399729132652283, 0.10895196348428726, 0.10803277790546417]","[0.13389034569263458, 0.08985905349254608, 0.08702748268842697, 0.08362922817468643, 0.07904524356126785]",19.122196912765503
combined,45,"[0.04504165053367615, 0.036857642233371735, 0.0282110758125782, 0.02669062837958336, 0.022440915927290916]","[0.031277135014534, 0.0229374710470438, 0.006345991510897875, 0.007014603819698095, 0.003028184873983264]","[0.17959967255592346, 0.1499844491481781, 0.13302353024482727, 0.13340871036052704, 0.12184558063745499]","[0.16801226139068604, 0.1407719850540161, 0.06388579308986664, 0.0680144801735878, 0.04108194261789322]",18.724165201187134
combined,46,"[0.09201084077358246, 0.039842911064624786, 0.03236466646194458, 0.025670183822512627, 0.02717963419854641]","[0.061832524836063385, 0.019358372315764427, 0.009971982799470425, 0.014532782137393951, 0.006896337494254112]","[0.22918765246868134, 0.16284111142158508, 0.14174829423427582, 0.12891137599945068, 0.12879014015197754]","[0.24352706968784332, 0.12995390594005585, 0.08681147545576096, 0.10944318771362305, 0.06743516772985458]",19.998602151870728
combined,47,"[0.06176970154047012, 0.032684456557035446, 0.026954973116517067, 0.022375743836164474, 0.025374630466103554]","[0.033476822078228, 0.012033211998641491, 0.015541265718638897, 0.009635436348617077, 0.010778279043734074]","[0.2021355926990509, 0.14747682213783264, 0.12668921053409576, 0.11867008358240128, 0.127679705619812]","[0.17487016320228577, 0.09562807530164719, 0.11183349788188934, 0.08301667869091034, 0.08885882794857025]",23.88022255897522
combined,48,"[0.0665154680609703, 0.03562900796532631, 0.02916189469397068, 0.028923213481903076, 0.019993163645267487]","[0.04010126739740372, 0.060103580355644226, 0.027357226237654686, 0.01807919330894947, 0.013186007738113403]","[0.2056134194135666, 0.15840132534503937, 0.1411040723323822, 0.13555091619491577, 0.1155962124466896]","[0.19317279756069183, 0.2389526069164276, 0.15577882528305054, 0.12185954302549362, 0.09930071234703064]",23.73654842376709
combined,49,"[0.037152912467718124, 0.02558760903775692, 0.022385481745004654, 0.024733873084187508, 0.01693609356880188]","[0.011049608699977398, 0.003192164236679673, 0.010384900495409966, 0.01009762566536665, 0.007411492057144642]","[0.15330497920513153, 0.12649103999137878, 0.11495042592287064, 0.1268041729927063, 0.10388543456792831]","[0.09378819167613983, 0.04360756650567055, 0.0905824601650238, 0.08915509283542633, 0.07334508746862411]",23.97990870475769
combined,50,"[0.0476250983774662, 0.028666336089372635, 0.025879668071866035, 0.029646243900060654, 0.020273476839065552]","[0.009761587716639042, 0.0077213020995259285, 0.0024970564991235733, 0.008811400271952152, 0.00531043391674757]","[0.18039385974407196, 0.13546909391880035, 0.12812797725200653, 0.13613511621952057, 0.11514859646558762]","[0.08461762964725494, 0.07279771566390991, 0.03850703313946724, 0.0794796496629715, 0.058392927050590515]",18.445878744125366
combined,51,"[0.054419729858636856, 0.03851431608200073, 0.028541073203086853, 0.022889545187354088, 0.016977626830339432]","[0.026552950963377953, 0.02899281121790409, 0.0179610475897789, 0.00786038488149643, 0.010765268467366695]","[0.18742811679840088, 0.1555945873260498, 0.12614506483078003, 0.12066374719142914, 0.10278782993555069]","[0.1537807136774063, 0.16116687655448914, 0.12221665680408478, 0.07346823066473007, 0.08848299086093903]",21.012211561203003
combined,52,"[0.05204705148935318, 0.027811480686068535, 0.030435282737016678, 0.024677010253071785, 0.01745433174073696]","[0.013835635036230087, 0.003763333661481738, 0.009094774723052979, 0.010649194940924644, 0.011026841588318348]","[0.17844542860984802, 0.13933634757995605, 0.1336282640695572, 0.12356701493263245, 0.10643941164016724]","[0.10610093921422958, 0.047881461679935455, 0.08314550668001175, 0.09224089980125427, 0.09388688206672668]",19.076918840408325
combined,53,"[0.055860038846731186, 0.031217556446790695, 0.03031044453382492, 0.021710891276597977, 0.024110401049256325]","[0.04003925994038582, 0.02111167460680008, 0.0120997354388237, 0.013233485631644726, 0.010711641050875187]","[0.1896846890449524, 0.142658993601799, 0.1413154900074005, 0.1137828677892685, 0.12204717099666595]","[0.19164250791072845, 0.13301126658916473, 0.09362274408340454, 0.09938966482877731, 0.08719176799058914]",20.07346820831299
combined,54,"[0.041265279054641724, 0.03270300477743149, 0.02350648120045662, 0.026128126308321953, 0.024951567873358727]","[0.011720608919858932, 0.0035135482903569937, 0.0219283290207386, 0.005932291503995657, 0.009957762435078621]","[0.1632107049226761, 0.14086177945137024, 0.12458977848291397, 0.13080599904060364, 0.1212923675775528]","[0.09549159556627274, 0.04519393667578697, 0.13961030542850494, 0.0629572942852974, 0.08746714890003204]",23.86258816719055
combined,55,"[0.06065372750163078, 0.03511657565832138, 0.032495755702257156, 0.0297294482588768, 0.02484685741364956]","[0.009507558308541775, 0.017032431438565254, 0.027628345414996147, 0.004515981301665306, 0.01228630356490612]","[0.18563511967658997, 0.15116144716739655, 0.14361558854579926, 0.13661636412143707, 0.12880665063858032]","[0.08378878235816956, 0.11973347514867783, 0.15724040567874908, 0.052759673446416855, 0.09769223630428314]",18.898136377334595
combined,56,"[0.08114134520292282, 0.03881466016173363, 0.025997642427682877, 0.02613048069179058, 0.025600358843803406]","[0.059735607355833054, 0.033554837107658386, 0.014871608465909958, 0.013766497373580933, 0.009287896566092968]","[0.22515299916267395, 0.1559579223394394, 0.1299974024295807, 0.12906095385551453, 0.12694111466407776]","[0.2388572245836258, 0.17549169063568115, 0.11013444513082504, 0.1047782376408577, 0.08141779154539108]",19.100116729736328
combined,57,"[0.03919747471809387, 0.028583288192749023, 0.02537662535905838, 0.0240518469363451, 0.021064981818199158]","[0.008691864088177681, 0.007530181668698788, 0.003405139083042741, 0.0037003885954618454, 0.007689928635954857]","[0.1601165384054184, 0.1317610740661621, 0.12540209293365479, 0.12084322422742844, 0.11493666470050812]","[0.07991817593574524, 0.07244747877120972, 0.0445021390914917, 0.0467798225581646, 0.07300374656915665]",18.63235878944397
combined,58,"[0.06580250710248947, 0.029924746602773666, 0.02774803340435028, 0.02234681509435177, 0.01960138976573944]","[0.0476350374519825, 0.019784260541200638, 0.01916487142443657, 0.028815599158406258, 0.022827669978141785]","[0.20541119575500488, 0.13679218292236328, 0.13658031821250916, 0.12192574888467789, 0.11256054788827896]","[0.21209290623664856, 0.13161827623844147, 0.12930579483509064, 0.162149578332901, 0.14204159379005432]",20.36469864845276
combined,59,"[0.05864858627319336, 0.03452257066965103, 0.02825426124036312, 0.02417430281639099, 0.02577759139239788]","[0.008296964690089226, 0.023276178166270256, 0.004711736459285021, 0.01271283533424139, 0.00902064424008131]","[0.19227096438407898, 0.14271824061870575, 0.1372632086277008, 0.12059970200061798, 0.12274305522441864]","[0.07446843385696411, 0.1412687748670578, 0.052644144743680954, 0.09749212116003036, 0.07938225567340851]",18.853473663330078
combined,60,"[0.056472428143024445, 0.033687081187963486, 0.031168369576334953, 0.01851367950439453, 0.01963154785335064]","[0.026697777211666107, 0.010023204609751701, 0.006146715953946114, 0.005557766184210777, 0.014523678459227085]","[0.1863313466310501, 0.14601550996303558, 0.14291022717952728, 0.11029275506734848, 0.114700086414814]","[0.15404918789863586, 0.08530265092849731, 0.06319192051887512, 0.05972106754779816, 0.10755746811628342]",23.646753072738647
combined,61,"[0.041470061987638474, 0.03320499137043953, 0.026720890775322914, 0.02312835119664669, 0.019852513447403908]","[0.018265407532453537, 0.004503302741795778, 0.008914134465157986, 0.00983173307031393, 0.012449737638235092]","[0.15489445626735687, 0.14621123671531677, 0.12766391038894653, 0.12393969297409058, 0.11301839351654053]","[0.12490196526050568, 0.0524379126727581, 0.07929360121488571, 0.0839485451579094, 0.09759823977947235]",19.035160541534424
combined,62,"[0.053044237196445465, 0.03345426917076111, 0.02998162992298603, 0.024668628349900246, 0.022901443764567375]","[0.003946049604564905, 0.00764362933114171, 0.011333046481013298, 0.006322343368083239, 0.0105075528845191]","[0.1724228411912918, 0.13763967156410217, 0.13082435727119446, 0.1282486468553543, 0.12196434289216995]","[0.04903307557106018, 0.07274708896875381, 0.09360456466674805, 0.0646381676197052, 0.08861588686704636]",18.34289264678955
combined,63,"[0.04142283648252487, 0.026395220309495926, 0.025526132434606552, 0.025427987799048424, 0.023345597088336945]","[0.017277030274271965, 0.02990933693945408, 0.015393150970339775, 0.021120846271514893, 0.028016747906804085]","[0.16293101012706757, 0.13186576962471008, 0.13006481528282166, 0.1284741312265396, 0.11936221271753311]","[0.12237701565027237, 0.16660362482070923, 0.11504188925027847, 0.13754697144031525, 0.16051708161830902]",24.999166250228882
combined,64,"[0.060291606932878494, 0.02592579275369644, 0.02770627662539482, 0.023956643417477608, 0.01909674145281315]","[0.02925334870815277, 0.017101086676120758, 0.01795324869453907, 0.007666536141186953, 0.006753250490874052]","[0.19397950172424316, 0.13023102283477783, 0.12969212234020233, 0.1265145242214203, 0.11036701500415802]","[0.16382698714733124, 0.12128537893295288, 0.12469694763422012, 0.0741337463259697, 0.06844323128461838]",18.561172485351562
combined,65,"[0.06199559569358826, 0.03389546275138855, 0.026772858574986458, 0.027966441586613655, 0.024818584322929382]","[0.022540463134646416, 0.00800278689712286, 0.006955335848033428, 0.008088166825473309, 0.006609125062823296]","[0.19038797914981842, 0.14745818078517914, 0.13290131092071533, 0.13197940587997437, 0.13184192776679993]","[0.1402181088924408, 0.07396338135004044, 0.06824177503585815, 0.07492984086275101, 0.06644585728645325]",19.904401540756226
combined,66,"[0.060534313321113586, 0.030537746846675873, 0.024606924504041672, 0.020861878991127014, 0.021032415330410004]","[0.011730710044503212, 0.018413688987493515, 0.012314117513597012, 0.014553936198353767, 0.023510197177529335]","[0.19477413594722748, 0.14246207475662231, 0.1224651113152504, 0.11953208595514297, 0.11642785370349884]","[0.09549427032470703, 0.12586793303489685, 0.0991540178656578, 0.1100844219326973, 0.14461813867092133]",23.803061485290527
combined,67,"[0.04585481062531471, 0.027545973658561707, 0.02971162274479866, 0.020830873399972916, 0.019721459597349167]","[0.02508741058409214, 0.010328908450901508, 0.014172105118632317, 0.013210558332502842, 0.011767040006816387]","[0.16383059322834015, 0.13697724044322968, 0.140703946352005, 0.11916550993919373, 0.11165405064821243]","[0.14979514479637146, 0.0881919413805008, 0.10782517492771149, 0.10364390909671783, 0.09706507623195648]",19.523722648620605
combined,68,"[0.057597171515226364, 0.03981206193566322, 0.029243439435958862, 0.031201038509607315, 0.021524852141737938]","[0.05610638111829758, 0.07568686455488205, 0.029628362506628036, 0.01692476123571396, 0.007566499523818493]","[0.19422580301761627, 0.1599670648574829, 0.13890662789344788, 0.14260435104370117, 0.11694271117448807]","[0.23013146221637726, 0.2686390280723572, 0.1615557223558426, 0.11550706624984741, 0.06991568207740784]",19.11133646965027
combined,69,"[0.03500007465481758, 0.021406522020697594, 0.018694352358579636, 0.017647506669163704, 0.019455060362815857]","[0.011552060022950172, 0.013262329623103142, 0.007875531911849976, 0.013201665133237839, 0.014371843077242374]","[0.15367020666599274, 0.11777961254119873, 0.11088346689939499, 0.11129207164049149, 0.11461963504552841]","[0.0933438390493393, 0.10173311084508896, 0.07303512841463089, 0.10107184201478958, 0.10592785477638245]",18.373456954956055
combined,70,"[0.058789145201444626, 0.03774739429354668, 0.03514201194047928, 0.027162358164787292, 0.023492533713579178]","[0.03080236352980137, 0.015115396119654179, 0.014767692424356937, 0.004035779740661383, 0.006215881090611219]","[0.19369199872016907, 0.16442489624023438, 0.15288633108139038, 0.13257504999637604, 0.11895459145307541]","[0.1659322828054428, 0.10897527635097504, 0.10664694756269455, 0.045720335096120834, 0.06289906799793243]",19.806503772735596
combined,71,"[0.08388962596654892, 0.03486182540655136, 0.024595903232693672, 0.025400476530194283, 0.026434876024723053]","[0.03070596419274807, 0.02815653383731842, 0.0033011636696755886, 0.013974126428365707, 0.020500635728240013]","[0.2262980043888092, 0.14931809902191162, 0.12575432658195496, 0.13381345570087433, 0.12494392693042755]","[0.16796863079071045, 0.1598653942346573, 0.04273322597146034, 0.10600635409355164, 0.1327153742313385]",18.401098489761353
combined,72,"[0.04837958142161369, 0.02815101481974125, 0.029123323038220406, 0.02370530553162098, 0.018529098480939865]","[0.010087152011692524, 0.00995023176074028, 0.019739793613553047, 0.01207235362380743, 0.017785780131816864]","[0.1692907214164734, 0.13125969469547272, 0.13432744145393372, 0.12371424585580826, 0.10864532738924026]","[0.08653246611356735, 0.08580861240625381, 0.13107044994831085, 0.09779882431030273, 0.1235227882862091]",25.042107343673706
combined,73,"[0.07638584077358246, 0.03790315240621567, 0.02696976251900196, 0.02657288871705532, 0.022513138130307198]","[0.04257965460419655, 0.06490670144557953, 0.017814315855503082, 0.02100112847983837, 0.019080737605690956]","[0.21094387769699097, 0.15187634527683258, 0.12727802991867065, 0.13219906389713287, 0.11969612538814545]","[0.19944870471954346, 0.24906331300735474, 0.12348850071430206, 0.13510116934776306, 0.1276172548532486]",18.73914098739624
combined,74,"[0.06065903231501579, 0.033824387937784195, 0.033923499286174774, 0.02547416090965271, 0.0243206936866045]","[0.03443681821227074, 0.02744555100798607, 0.009875237941741943, 0.008611285127699375, 0.006451766472309828]","[0.19019900262355804, 0.14920683205127716, 0.1498623639345169, 0.13130176067352295, 0.1250295788049698]","[0.17694410681724548, 0.15534986555576324, 0.0826362818479538, 0.07610635459423065, 0.06372366100549698]",18.65279793739319
combined,75,"[0.07353653758764267, 0.030675072222948074, 0.029340993613004684, 0.020913420245051384, 0.023889735341072083]","[0.028446320444345474, 0.009976457804441452, 0.008940710686147213, 0.022113222628831863, 0.012597553431987762]","[0.2142498791217804, 0.14451926946640015, 0.1333400458097458, 0.1127714216709137, 0.122660331428051]","[0.16035081446170807, 0.0859273374080658, 0.07971575111150742, 0.1383144110441208, 0.09815516322851181]",19.085123300552368
combined,76,"[0.0684938058257103, 0.03552880883216858, 0.025475097820162773, 0.024580033496022224, 0.022827940061688423]","[0.0238094050437212, 0.02050943672657013, 0.01731584221124649, 0.007116002030670643, 0.013114780187606812]","[0.2043764591217041, 0.14790822565555573, 0.13035118579864502, 0.12346922606229782, 0.11992964893579483]","[0.14510081708431244, 0.13336694240570068, 0.12071102112531662, 0.06949968636035919, 0.10092967748641968]",18.898097038269043
combined,77,"[0.06400075554847717, 0.043864231556653976, 0.026606978848576546, 0.0283591840416193, 0.02438925765454769]","[0.05765540525317192, 0.031756654381752014, 0.04454008862376213, 0.018625102937221527, 0.01898844726383686]","[0.19863952696323395, 0.16732878983020782, 0.13267619907855988, 0.13109447062015533, 0.1240527331829071]","[0.23430614173412323, 0.1705063283443451, 0.204337477684021, 0.12609905004501343, 0.12721212208271027]",19.849376916885376
combined,78,"[0.056876279413700104, 0.03123616799712181, 0.02681979164481163, 0.02218499779701233, 0.02239801548421383]","[0.026868704706430435, 0.004646075889468193, 0.009219017811119556, 0.011694397777318954, 0.0031758469995111227]","[0.18473993241786957, 0.14480853080749512, 0.13670501112937927, 0.11734059453010559, 0.12097617238759995]","[0.1542506217956543, 0.0529114231467247, 0.0807013213634491, 0.09357531368732452, 0.04113755375146866]",23.83718514442444
combined,79,"[0.048758890479803085, 0.03187389671802521, 0.028954502195119858, 0.025035079568624496, 0.021767523139715195]","[0.029941217973828316, 0.018589548766613007, 0.012234963476657867, 0.00811097677797079, 0.0050405957736074924]","[0.1761929839849472, 0.14158399403095245, 0.13445208966732025, 0.12528376281261444, 0.11793436855077744]","[0.1645916849374771, 0.12545931339263916, 0.09697666019201279, 0.07512558251619339, 0.05553027614951134]",19.77462863922119
combined,80,"[0.042652346193790436, 0.02831999957561493, 0.02267853543162346, 0.023845508694648743, 0.024879414588212967]","[0.0025853500701487064, 0.0100451884791255, 0.005787378177046776, 0.012510317377746105, 0.012951347045600414]","[0.15471374988555908, 0.13009370863437653, 0.12328603118658066, 0.12110555917024612, 0.12253258377313614]","[0.03795122727751732, 0.08840173482894897, 0.06243104860186577, 0.10114172101020813, 0.10333612561225891]",23.81984782218933
combined,81,"[0.07075151056051254, 0.037289805710315704, 0.0244905985891819, 0.026460224762558937, 0.024719156324863434]","[0.009010150097310543, 0.03470966964960098, 0.02122589759528637, 0.01397071871906519, 0.021511390805244446]","[0.20411416888237, 0.15712618827819824, 0.1321534961462021, 0.12886668741703033, 0.12150696665048599]","[0.07877285778522491, 0.17753015458583832, 0.13447332382202148, 0.10434412956237793, 0.13545601069927216]",18.20559549331665
combined,82,"[0.08719919621944427, 0.03782365471124649, 0.033954866230487823, 0.02504451386630535, 0.028070274740457535]","[0.03943450748920441, 0.012141295708715916, 0.006563698407262564, 0.017006535083055496, 0.026497934013605118]","[0.22487419843673706, 0.15857581794261932, 0.14986951649188995, 0.12563733756542206, 0.13641324639320374]","[0.19122223556041718, 0.09714565426111221, 0.0645429790019989, 0.1185264065861702, 0.1530403196811676]",20.178454160690308
combined,83,"[0.10175850242376328, 0.042279522866010666, 0.03725418820977211, 0.02512362413108349, 0.023439012467861176]","[0.0361490398645401, 0.026014892384409904, 0.01755352132022381, 0.018328063189983368, 0.008820276707410812]","[0.24714039266109467, 0.17051108181476593, 0.15159021317958832, 0.12525446712970734, 0.1229986771941185]","[0.18269160389900208, 0.15226596593856812, 0.12106768041849136, 0.1237746998667717, 0.07850827276706696]",18.400027751922607
combined,84,"[0.05162874609231949, 0.034717123955488205, 0.03400109335780144, 0.02311428263783455, 0.022012555971741676]","[0.053872086107730865, 0.0231331717222929, 0.028412260115146637, 0.032217394560575485, 0.03146093711256981]","[0.18918892741203308, 0.14389201998710632, 0.14969874918460846, 0.12046075612306595, 0.11938373744487762]","[0.22666169703006744, 0.1439683735370636, 0.16149872541427612, 0.17288492619991302, 0.17070406675338745]",19.532833099365234
combined,85,"[0.051439326256513596, 0.028506487607955933, 0.02343987114727497, 0.023789312690496445, 0.020963579416275024]","[0.02556336298584938, 0.016697222366929054, 0.010774792172014713, 0.007470327895134687, 0.006748849526047707]","[0.17737677693367004, 0.14030717313289642, 0.12072188407182693, 0.1207769513130188, 0.11528222262859344]","[0.14994585514068604, 0.11544013023376465, 0.08810726553201675, 0.07093490660190582, 0.0668521448969841]",19.133344650268555
combined,86,"[0.05929392948746681, 0.03517884761095047, 0.0317697636783123, 0.027145732194185257, 0.02660481445491314]","[0.038055047392845154, 0.04477623477578163, 0.014900021255016327, 0.0157222468405962, 0.007746448274701834]","[0.18876945972442627, 0.1544778048992157, 0.1374807357788086, 0.13096056878566742, 0.1314133107662201]","[0.18748700618743896, 0.2044629603624344, 0.10982134193181992, 0.1143718883395195, 0.07351113855838776]",18.227680444717407
combined,87,"[0.06237464398145676, 0.03963257372379303, 0.032637786120176315, 0.02469480223953724, 0.02146190218627453]","[0.025043541565537453, 0.004304947797209024, 0.016588404774665833, 0.022003142163157463, 0.025396645069122314]","[0.2048008292913437, 0.16147685050964355, 0.14526183903217316, 0.12589968740940094, 0.11258116364479065]","[0.1501290500164032, 0.05128976330161095, 0.12030421197414398, 0.14101707935333252, 0.15183092653751373]",19.810752153396606
combined,88,"[0.058790747076272964, 0.03532736375927925, 0.03582087904214859, 0.02815411612391472, 0.02301660180091858]","[0.01724124699831009, 0.01740373857319355, 0.013282181695103645, 0.01504941564053297, 0.011790763586759567]","[0.19668914377689362, 0.15026767551898956, 0.14933879673480988, 0.12921062111854553, 0.11851699650287628]","[0.12139201909303665, 0.12177981436252594, 0.1043657585978508, 0.11233485490083694, 0.09735730290412903]",23.743341207504272
combined,89,"[0.0609407015144825, 0.03791850805282593, 0.032530345022678375, 0.02775499038398266, 0.02738245576620102]","[0.03896385058760643, 0.019255321472883224, 0.013045135885477066, 0.008119134232401848, 0.006918455474078655]","[0.19736452400684357, 0.1564899981021881, 0.1431487798690796, 0.134587824344635, 0.13167178630828857]","[0.19021305441856384, 0.12790873646736145, 0.10022848099470139, 0.07298679649829865, 0.06621932238340378]",19.40063238143921
combined,90,"[0.05958937481045723, 0.03951472416520119, 0.0310028288513422, 0.027028895914554596, 0.021899385377764702]","[0.045404158532619476, 0.0346495546400547, 0.009921618737280369, 0.013491319492459297, 0.019841035827994347]","[0.19206316769123077, 0.16127197444438934, 0.1423492431640625, 0.13437852263450623, 0.12189286202192307]","[0.2069564014673233, 0.1789962649345398, 0.08601119369268417, 0.1044749915599823, 0.13107913732528687]",18.803504943847656
combined,91,"[0.04815274104475975, 0.033003970980644226, 0.030945193022489548, 0.02521424926817417, 0.022591905668377876]","[0.02579611912369728, 0.009908557869493961, 0.012261112220585346, 0.012545538134872913, 0.011729015037417412]","[0.18221481144428253, 0.14285266399383545, 0.13922199606895447, 0.12628860771656036, 0.11575515568256378]","[0.1529872864484787, 0.08670997619628906, 0.09968680143356323, 0.10198941081762314, 0.09775664657354355]",18.64846110343933
combined,92,"[0.05164092034101486, 0.0359032079577446, 0.02563316375017166, 0.02264939807355404, 0.02300444059073925]","[0.028563277795910835, 0.010337753221392632, 0.011114079505205154, 0.0176935363560915, 0.011462912894785404]","[0.17637896537780762, 0.15375235676765442, 0.1259230524301529, 0.12245631217956543, 0.1233770102262497]","[0.1612464040517807, 0.08941522240638733, 0.09375103563070297, 0.12388891726732254, 0.09531042724847794]",19.810736894607544
combined,93,"[0.06705570966005325, 0.03032953105866909, 0.028695084154605865, 0.023546811193227768, 0.01881394349038601]","[0.016873428598046303, 0.0031200742814689875, 0.01692344807088375, 0.012115741148591042, 0.010901067405939102]","[0.19463133811950684, 0.1457357108592987, 0.12826403975486755, 0.11934556066989899, 0.11246839165687561]","[0.11996319144964218, 0.042681094259023666, 0.12086170166730881, 0.09931124001741409, 0.09310510009527206]",18.63337206840515
combined,94,"[0.060311317443847656, 0.033873300999403, 0.02856394089758396, 0.02330542728304863, 0.020558280870318413]","[0.011379164643585682, 0.012809956446290016, 0.015820395201444626, 0.024213604629039764, 0.006858518812805414]","[0.19029511511325836, 0.14324311912059784, 0.1325238198041916, 0.1208077147603035, 0.11625739932060242]","[0.09500150382518768, 0.10248716175556183, 0.11619098484516144, 0.14768551290035248, 0.06892094016075134]",19.44749617576599
combined,95,"[0.05536063387989998, 0.03330189734697342, 0.029643474146723747, 0.027147449553012848, 0.019161734730005264]","[0.01993618719279766, 0.006387790665030479, 0.007935665547847748, 0.0073666805401444435, 0.006690317764878273]","[0.19444487988948822, 0.14476408064365387, 0.13897055387496948, 0.13019832968711853, 0.1117154210805893]","[0.12945643067359924, 0.06364444643259048, 0.07322003692388535, 0.07019048184156418, 0.06644435226917267]",18.94132423400879
combined,96,"[0.04970984905958176, 0.03378943353891373, 0.026684317737817764, 0.02390419691801071, 0.02552475780248642]","[0.03828711807727814, 0.0268107783049345, 0.010517297312617302, 0.01640884391963482, 0.009088772349059582]","[0.1769653707742691, 0.1517678201198578, 0.1291067898273468, 0.12395422160625458, 0.1255408227443695]","[0.18918080627918243, 0.1559518724679947, 0.08970890939235687, 0.11769289523363113, 0.08147723972797394]",18.490302801132202
combined,97,"[0.04358714446425438, 0.030726192519068718, 0.025064893066883087, 0.024951547384262085, 0.02442837692797184]","[0.0033840108662843704, 0.004556401167064905, 0.005339377094060183, 0.0034380548167973757, 0.022455036640167236]","[0.16463643312454224, 0.13698390126228333, 0.12665513157844543, 0.12518611550331116, 0.11934445798397064]","[0.044082578271627426, 0.0535115972161293, 0.05863737687468529, 0.045287057757377625, 0.1418164074420929]",19.697954893112183
combined,98,"[0.06661675870418549, 0.03280413895845413, 0.02908245474100113, 0.024466073140501976, 0.025369396433234215]","[0.036120206117630005, 0.024444488808512688, 0.007872868329286575, 0.008393627591431141, 0.017015257850289345]","[0.20200374722480774, 0.1450846791267395, 0.14340069890022278, 0.12405610084533691, 0.12596476078033447]","[0.18232963979244232, 0.1467965841293335, 0.072472482919693, 0.07575010508298874, 0.11775970458984375]",23.81178379058838
combined,99,"[0.058796267956495285, 0.030876250937581062, 0.03306254744529724, 0.02350674942135811, 0.02059132046997547]","[0.025444744154810905, 0.02102872170507908, 0.011152527295053005, 0.00657827639952302, 0.011776149272918701]","[0.20046213269233704, 0.14042294025421143, 0.14444757997989655, 0.12101315706968307, 0.1135360449552536]","[0.1505570262670517, 0.13468477129936218, 0.09141784906387329, 0.0657283365726471, 0.09407901018857956]",20.200292825698853
